object_name,object_id,epoch,mean_motion,eccentricity,inclination,ra_of_asc_node,arg_of_pericenter,mean_anomaly,ephemeris_type,classification_type,norad_cat_id,element_set_no,rev_at_epoch,bstar,mean_motion_dot,mean_motion_ddot,launch_country
CALSPHERE 1,1964-063C,2024-05-03 06:01:23.916864+00:00,13.74962199,0.0027858,90.2048,54.4147,112.0781,19.3773,0,U,900,999,96485,0.0009873,9.53e-06,0,UK
CALSPHERE 2,1964-063E,2024-05-03 01:10:47.047296+00:00,13.52794183,0.0017242,90.2202,57.9845,323.2087,50.3663,0,U,902,999,75191,7.3623e-05,5.8e-07,0,Canada
LCS 1,1965-034C,2024-05-02 13:25:57.319680+00:00,9.89305355,0.0005625,32.138,218.6367,229.2276,130.7734,0,U,1361,999,13341,-0.00073221,3e-08,0,Italy
TEMPSAT 1,1965-065E,2024-05-02 12:42:38.808576+00:00,13.33511734,0.0067784,89.9566,214.2673,266.5546,105.63,0,U,1512,999,85667,7.3596e-05,4.5e-07,0,Russia
CALSPHERE 4A,1965-065H,2024-05-02 12:20:58.493760+00:00,13.36056055,0.0070805,89.9444,128.2905,130.8754,355.6894,0,U,1520,999,85912,0.00027905,1.55e-06,0,Germany
OPS 5712 (P/L 160),1967-053A,2024-05-03 12:13:27.526368+00:00,14.58554208,0.0001892,69.9235,111.1882,161.8146,198.306,0,U,2826,999,95294,0.0014783,6.823e-05,0,Italy
LES-5,1967-066E,2024-05-02 20:28:37.558272+00:00,1.09425353,0.005365,0.9872,141.7648,155.3227,243.9063,0,U,2866,999,12254,0,-6.2e-07,0,Russia
SURCAL 159,1967-053F,2024-05-03 13:47:52.268064+00:00,13.99193147,0.0004877,69.9748,228.3629,26.7043,333.4314,0,U,2872,999,90225,0.0001269,1.3e-06,0,Russia
OPS 5712 (P/L 153),1967-053H,2024-05-03 00:57:56.927808+00:00,13.96577385,0.0005518,69.9745,336.4887,139.0306,221.1215,0,U,2874,999,89902,8.9267e-05,7e-07,0,Canada
SURCAL 150B,1967-053J,2024-05-03 04:26:27.583872+00:00,14.79282678,0.0004743,69.9412,60.9566,204.8903,155.2017,0,U,2909,999,96487,0.0024952,0.00018561,0,UK
OPS 3811 (DSP 2),1971-039A,2024-05-02 19:34:36.975936+00:00,0.98161706,0.0019532,1.7781,283.1448,0.5805,54.9786,0,U,5204,999,1767,0,-1.65e-06,0,USA
RIGIDSPHERE 2 (LCS 4),1971-067E,2024-05-03 12:07:26.868576+00:00,14.35666874,0.005912,87.6313,193.5125,280.1368,79.3165,0,U,5398,999,76286,0.00030008,9e-06,0,Japan
OSCAR 7 (AO-7),1974-089B,2024-05-03 13:14:40.877664+00:00,12.53674885,0.0012264,101.9781,118.7839,167.7753,307.7856,0,U,7530,999,26368,0.00020418,-1.4e-07,0,USA
STARLETTE,1975-010A,2024-05-03 04:21:51.662880+00:00,13.82327471,0.0205695,49.8237,283.647,22.7943,338.1925,0,U,7646,999,48732,1.3652e-05,-1.27e-06,0,India
LAGEOS 1,1976-039A,2024-05-02 11:31:56.000064+00:00,6.38664883,0.0044328,109.8482,273.6116,108.7358,255.0875,0,U,8820,999,86360,0,2.5e-07,0,China
OPS 8701 (DSP 10),1982-019A,2024-05-03 01:58:09.592608+00:00,0.98187168,0.0002008,10.8702,315.0058,236.6069,141.4604,0,U,13086,999,1804,0,-2.8e-07,0,Canada
PHASE 3B (AO-10),1983-058B,2024-04-30 18:54:45.578592+00:00,2.05867724,0.6034993,27.4558,346.5914,264.7978,27.9771,0,U,14129,999,27948,0,-3.2e-07,0,UK
UOSAT 2 (UO-11),1984-021B,2024-05-02 20:36:23.909184+00:00,14.86481324,0.0006957,97.7017,94.5085,216.4336,143.6407,0,U,14781,999,16275,0.00024722,2.134e-05,0,Germany
AJISAI (EGS),1986-061A,2024-05-03 13:46:32.596032+00:00,12.44505086,0.0011404,50.0119,9.2936,9.457,66.5674,0,U,16908,999,38428,7.1606e-05,-8.7e-07,0,China
TDRS 3,1988-091B,2024-05-02 23:37:41.073024+00:00,1.00272362,0.0036344,13.1985,346.241,343.744,196.9837,0,U,19548,999,11759,0,-3.03e-06,0,China
COSMOS 1989 (ETALON 1),1989-001C,2024-05-03 05:24:49.286880+00:00,2.13156089,0.0023902,64.5366,98.7845,215.932,154.562,0,U,19751,999,27492,0,7e-07,0,Germany
COSMOS 2024 (ETALON 2),1989-039C,2024-05-02 11:44:29.472000+00:00,2.1320432,0.0019304,65.3561,337.1189,217.3416,332.8519,0,U,20026,999,27196,0,-2.7e-07,0,China
FLTSATCOM 8 (USA 46),1989-077A,2024-05-02 19:33:53.309376+00:00,1.0027039,0.0006272,12.6491,355.837,35.0915,249.6175,0,U,20253,999,25282,0,-3.69e-06,0,Russia
LUSAT (LO-19),1990-005G,2024-05-03 13:16:52.455360+00:00,14.33509296,0.0010959,98.8814,113.6521,321.2223,38.8173,0,U,20442,999,79144,0.00011273,2.65e-06,0,Germany
HST,1990-037B,2024-05-02 14:35:02.653440+00:00,15.17070933,0.0001948,28.4683,290.3662,262.5705,97.4666,0,U,20580,999,67010,0.00028782,6.05e-05,0,China
SKYNET 4C,1990-079A,2024-05-01 18:48:34.857792+00:00,1.00271972,0.0002634,13.5915,355.1199,43.4745,137.0896,0,U,20776,999,12315,0,1.26e-06,0,Russia
USA 65 (DSP 15),1990-095A,2024-05-03 12:38:33.669312+00:00,0.98398111,0.0006989,14.489,349.468,91.312,103.819,0,U,20929,999,1783,0,-2.08e-06,0,France
TDRS 5,1991-054B,2024-05-03 01:16:55.922592+00:00,1.00269328,0.0001983,14.17,359.4404,299.8377,238.8992,0,U,21639,999,11994,0,-3.04e-06,0,Russia
USA 75 (DSP 16),1991-080B,2024-05-02 11:44:06.441216+00:00,0.99190039,0.0007239,14.4265,351.0838,93.8372,111.0304,0,U,21805,999,1801,0,-2.84e-06,0,China
LAGEOS 2,1992-070B,2024-05-02 12:29:51.665568+00:00,6.47293371,0.0137589,52.678,36.8387,207.6913,320.3878,0,U,22195,999,74520,0,-9e-08,0,India
TDRS 6,1993-003B,2024-05-02 19:31:06.902976+00:00,1.00278013,0.0009003,14.1628,2.7484,147.1797,318.0817,0,U,22314,999,11460,0,-2.97e-06,0,Canada
SCD 1,1993-009B,2024-05-02 15:32:25.836864+00:00,14.45251872,0.0042393,24.9696,313.3919,213.9252,205.9681,0,U,22490,999,64876,0.0001204,6.19e-06,0,China
UFO 2 (USA 95),1993-056A,2024-05-03 07:35:42.630432+00:00,1.00269187,0.0005297,11.6454,7.605,34.2366,322.4732,0,U,22787,999,11089,0,1.23e-06,0,Italy
STELLA,1993-061B,2024-05-03 05:28:43.874976+00:00,14.27422588,0.0005905,98.8827,169.8029,338.2785,91.4732,0,U,22824,999,59437,8.4749e-06,-2.5e-07,0,France
EYESAT A (AO-27),1993-061C,2024-05-03 03:25:46.378560+00:00,14.30472616,0.0007972,98.7924,176.4401,203.5325,156.5493,0,U,22825,999,59644,7.9503e-05,1.61e-06,0,Germany
ITAMSAT (IO-26),1993-061D,2024-05-02 10:25:11.094816+00:00,14.30851191,0.0008751,98.7871,175.5864,190.6084,169.4914,0,U,22826,999,59635,0.00010023,2.17e-06,0,UK
USA 99 (MILSTAR-1 1),1994-009A,2024-05-03 07:22:43.919328+00:00,1.002717,0.0002357,16.4415,35.9229,5.1157,201.3621,0,U,22988,999,2387,0,-1.97e-06,0,USA
RADIO ROSTO (RS-15),1994-085A,2024-05-02 14:47:01.065984+00:00,11.2757661,0.0151232,64.8131,117.4651,152.4543,208.4496,0,U,23439,999,20845,-0.00021656,-5e-07,0,China
UFO 4 (USA 108),1995-003A,2024-05-02 13:28:13.512864+00:00,1.00274673,0.0003023,9.7328,15.6188,58.8376,160.9156,0,U,23467,999,10716,0,-2.2e-07,0,France
AMSC 1,1995-019A,2024-05-03 06:13:10.250688+00:00,1.00271666,0.0005242,12.5908,21.6646,6.5888,179.236,0,U,23553,999,10639,0,-9.5e-07,0,UK
TDRS 7,1995-035B,2024-05-02 13:43:10.971264+00:00,1.00270062,0.0028179,13.7016,353.5548,65.2776,92.7925,0,U,23613,999,10537,0,-2.04e-06,0,Canada
USA 115 (MILSTAR-1 2),1995-060A,2024-05-03 05:28:06.968352+00:00,1.00269642,0.0002237,13.7857,9.3502,15.9597,158.3396,0,U,23712,999,2387,0,-2.2e-07,0,Canada
POLAR,1996-013A,2024-05-03 05:28:43.921632+00:00,1.29846953,0.5855322,79.0952,235.08,235.2986,55.0977,0,U,23802,999,13477,0,1.87e-06,0,France
INMARSAT 3-F1,1996-020A,2024-05-02 03:06:43.393824+00:00,1.00000209,0.000475,8.9721,53.2535,11.7455,175.552,0,U,23839,999,10249,0,-2.33e-06,0,USA
USA 119,1996-029A,2024-05-03 03:16:14.642976+00:00,13.42754307,0.0811581,63.3348,53.1898,37.8542,327.6797,0,U,23893,999,103,0.00056133,2.41e-05,0,Russia
JAS-2 (FO-29),1996-046B,2024-05-03 12:48:28.812384+00:00,13.53185434,0.0349162,98.5781,65.0439,304.0293,52.8141,0,U,24278,999,36864,3.8496e-05,-1e-08,0,Canada
INMARSAT 3-F2,1996-053A,2024-05-03 03:35:39.823008+00:00,0.99989296,0.0007872,8.0866,61.3477,359.1731,67.7276,0,U,24307,999,10120,0,1.23e-06,0,Russia
INMARSAT 3-F3,1996-070A,2024-05-02 19:17:13.135200+00:00,0.99986946,0.0004384,8.6274,56.5845,349.7316,208.9926,0,U,24674,999,10014,0,-2.91e-06,0,Canada
GALAXY 25 (G-25),1997-026A,2024-05-02 06:33:14.297760+00:00,0.99097062,0.0012177,5.425,76.5879,328.1802,249.2844,0,U,24812,999,9853,0,-2.39e-06,0,Canada
NAVSTAR 43 (USA 132),1997-035A,2024-05-02 09:48:43.447680+00:00,2.00565449,0.0077855,55.656,128.9209,51.838,308.895,0,U,24876,999,19639,0,9.7e-07,0,Canada
INTELSAT 5 (IS-5),1997-046A,2024-05-03 13:41:00.943584+00:00,1.00271827,0.0001242,8.7076,55.8377,350.2994,187.2061,0,U,24916,999,9784,0,-6.3e-07,0,India
FORTE,1997-047A,2024-05-02 21:23:36.299904+00:00,14.27098653,0.0025063,69.9538,324.2374,255.8086,104.0251,0,U,24920,999,38830,0.00014447,2.96e-06,0,Italy
AMC-3 (GE-3),1997-050A,2024-05-02 20:04:26.440032+00:00,1.00270365,0.0002961,6.2359,72.6412,328.7867,48.9078,0,U,24936,999,9767,0,-2.59e-06,0,China
USA 134,1997-065A,2024-05-03 05:34:27.206976+00:00,1.00271682,0.0003471,11.8575,27.1454,358.2094,167.7013,0,U,25019,999,2383,0,-6.3e-07,0,UK
NAVSTAR 44 (USA 135),1997-067A,2024-05-02 05:53:09.926592+00:00,1.88437666,0.0020168,55.6132,199.5549,252.7195,132.5621,0,U,25030,999,19207,0,1.5e-07,0,Russia
ORBCOMM FM11,1997-084C,2024-05-02 10:57:20.862144+00:00,14.42276795,0.0007589,45.0125,176.4704,295.2091,64.7972,0,U,25114,999,38211,0.00053197,1.629e-05,0,Italy
ORBCOMM FM06,1997-084G,2024-05-03 03:54:18.225216+00:00,14.42676625,0.00033,45.013,171.9302,300.2853,89.9598,0,U,25118,999,38226,0.00054023,1.67e-05,0,India
INMARSAT 3-F5,1998-006B,2024-05-03 09:22:11.215776+00:00,1.00274766,0.0005102,7.9456,60.4638,340.2693,267.5647,0,U,25153,999,9611,0,-2.89e-06,0,Canada
ORBCOMM FM04,1998-007C,2024-05-03 12:35:11.339520+00:00,14.32388574,0.0043843,107.9718,18.369,243.2552,116.4096,0,U,25159,999,36562,0.00047322,1.163e-05,0,China
CELESTIS-02 & TAURUS R/B,1998-007D,2024-05-03 12:32:41.059680+00:00,14.21969343,0.0061519,107.9946,209.0826,15.3812,356.156,0,U,25160,999,36059,0.00010323,1.03e-06,0,Russia
NOAA 15,1998-030A,2024-05-03 13:25:07.223232+00:00,14.26556279,0.0011595,98.5723,152.6114,95.5145,264.7359,0,U,25338,999,35107,0.00013996,2.95e-06,0,Italy
TECHSAT 1B (GO-32),1998-043D,2024-05-02 11:55:21.100800+00:00,14.24029879,5.21e-05,98.9185,89.5475,350.3184,9.7984,0,U,25397,999,34091,9.4016e-05,1.7e-06,0,Germany
ORBCOMM FM19,1998-046C,2024-05-02 16:21:13.294368+00:00,14.35689695,0.0002416,44.9943,320.695,10.4767,104.9091,0,U,25415,999,34535,0.00065571,1.77e-05,0,Germany
ORBCOMM FM20,1998-046D,2024-05-03 13:26:04.197984+00:00,14.35176613,1.55e-05,44.9951,318.1397,144.7639,215.3219,0,U,25416,999,34541,0.00045489,1.171e-05,0,India
ORBCOMM FM13,1998-046H,2024-05-02 23:44:38.587200+00:00,14.35323355,0.0004137,44.9976,324.6556,20.2259,339.8751,0,U,25420,999,34538,0.00049463,1.29e-05,0,India
ASTRA 2A,1998-050A,2024-05-02 21:58:44.273280+00:00,1.00270902,0.0003398,5.1332,77.9637,320.4264,209.7857,0,U,25462,999,9396,0,7e-07,0,Italy
ORBCOMM FM27,1998-053G,2024-05-03 11:28:54.262848+00:00,14.35582002,8.53e-05,45.0063,46.5179,340.7497,19.3318,0,U,25481,999,33878,0.00058801,1.568e-05,0,France
SCD 2,1998-060A,2024-05-03 12:48:23.452128+00:00,14.44732472,0.0016837,24.9935,167.0545,220.2432,258.4317,0,U,25504,999,34850,0.00010194,5.42e-06,0,Russia
ISS (ZARYA),1998-067A,2024-05-03 13:43:17.757984+00:00,15.50861405,0.0003719,51.6392,176.6112,134.4186,16.3348,0,U,25544,999,45162,0.00025737,0.00014713,0,Canada
SWAS,1998-071A,2024-05-03 05:06:42.848352+00:00,14.99803823,0.0007029,69.8993,52.7199,334.3116,25.7693,0,U,25560,999,38090,0.00044907,5.478e-05,0,Germany
SKYNET 4E,1999-009B,2024-05-02 22:08:20.202720+00:00,1.00272323,0.0002707,11.6098,13.3186,17.2397,161.5852,0,U,25639,999,9224,0,-3.6e-07,0,Russia
LANDSAT 7,1999-020A,2024-05-03 13:36:40.160736+00:00,14.60604054,0.0001833,97.8914,153.4563,99.5927,17.6645,0,U,25682,999,33268,0.000139,6.32e-06,0,China
DLR-TUBSAT,1999-029B,2024-05-03 12:10:43.349952+00:00,14.51877278,0.0014186,98.5828,87.4485,182.4003,177.7125,0,U,25757,999,32091,6.5667e-05,2.17e-06,0,Russia
CXO,1999-040B,2024-05-04 13:15:11.014848+00:00,0.37810193,0.8930883,40.1781,158.1648,293.2519,0.0839,0,U,25867,999,2555,0,8.17e-06,0,Japan
ABS-6,1999-053A,2024-05-03 13:32:19.236192+00:00,1.00270573,0.0003064,0.0423,85.1794,331.0105,167.8561,0,U,25924,999,9006,0,-1.22e-06,0,Germany
NAVSTAR 46 (USA 145),1999-055A,2024-05-03 13:00:16.329024+00:00,2.00553639,0.0124763,52.1015,329.1426,149.6271,234.1498,0,U,25933,999,18003,0,-5.8e-07,0,Canada
UFO 10 (USA 146),1999-063A,2024-05-03 01:21:42.731712+00:00,1.00276428,0.0001625,9.467,30.8392,330.8717,217.263,0,U,25967,999,8956,0,-1.88e-06,0,France
ORBCOMM FM32,1999-065C,2024-05-02 10:09:46.340928+00:00,14.34164459,0.0005907,45.0144,238.2861,154.5856,205.5282,0,U,25982,999,27558,0.00049693,1.264e-05,0,USA
ORBCOMM FM35,1999-065F,2024-05-03 09:01:49.378080+00:00,14.35110981,0.0003653,45.0395,231.7728,173.3678,186.7218,0,U,25985,999,27606,0.00047364,1.223e-05,0,China
XMM-NEWTON,1999-066A,2024-04-13 09:43:54.544224+00:00,0.50133296,0.5211846,68.0299,293.8034,78.1754,321.8645,0,U,25989,999,1902,0,6e-08,0,France
TERRA,1999-068A,2024-05-03 13:01:41.960928+00:00,14.59709589,0.0003139,98.0506,189.3383,124.3914,342.8397,0,U,25994,999,29665,0.00015351,6.87e-06,0,Japan
GALAXY 11 (G-11),1999-071A,2024-05-02 17:46:28.292736+00:00,1.00270317,2.17e-05,4.7397,79.8275,184.8424,29.358,0,U,26038,999,8929,0,-5.4e-07,0,Italy
USA 148,2000-001A,2024-05-02 13:39:58.902336+00:00,1.00272215,0.0001297,10.6383,38.0428,323.3956,244.6473,0,U,26052,999,2518,0,3.7e-07,0,France
ASIASTAR,2000-016A,2024-05-02 20:41:07.617408+00:00,1.00270534,0.0004593,7.3005,65.9797,339.0855,231.4594,0,U,26107,999,8837,0,-3.32e-06,0,Italy
IMAGE,2000-017A,2024-05-02 17:22:44.468256+00:00,1.68651459,0.7485806,94.3371,302.751,20.9862,357.9546,0,U,26113,999,14843,-0.077688,-1.31e-06,0,France
USA 149 (DSP 20),2000-024A,2024-05-02 09:35:42.732960+00:00,1.00265675,0.0001594,12.5851,17.0946,84.7195,97.2753,0,U,26356,999,2513,0,9.4e-07,0,Italy
NAVSTAR 47 (USA 150),2000-025A,2024-05-02 10:06:16.374240+00:00,2.00551356,0.0037574,54.6322,50.7469,214.4708,241.284,0,U,26360,999,17571,0,-5.3e-07,0,Italy
TDRS 8,2000-034A,2024-05-02 12:31:57.687744+00:00,1.0027273,0.0003145,11.4716,37.6241,288.9542,274.6509,0,U,26388,999,8740,0,9.7e-07,0,Canada
NAVSTAR 48 (USA 151),2000-040A,2024-05-02 17:56:28.155840+00:00,2.00559518,0.0145276,55.0869,245.9922,294.4929,238.8981,0,U,26407,999,17438,0,-2.2e-07,0,Japan
CLUSTER II-FM7 (SAMBA),2000-041A,2024-05-03 02:41:48.314400+00:00,0.44205311,0.737057,138.7936,357.3901,212.29,0.6149,0,U,26410,999,2860,0,2.96e-06,0,Canada
CLUSTER II-FM6 (SALSA),2000-041B,2024-05-05 07:34:37.897824+00:00,0.44240471,0.8934366,147.6299,21.1443,236.1236,0.5736,0,U,26411,999,2792,0,1.287e-05,0,France
INTELSAT 9 (IS-9),2000-043A,2024-05-02 04:11:42.516960+00:00,1.00372508,0.0002596,8.6883,56.0413,332.8234,243.4814,0,U,26451,999,3636,0,-7.7e-07,0,India
CLUSTER II-FM5 (RUMBA),2000-045A,2024-05-05 08:40:30.705600+00:00,0.44220167,0.8459627,149.7102,16.5041,231.8266,0.5166,0,U,26463,999,2919,0,1.162e-05,0,Germany
CLUSTER II-FM8 (TANGO),2000-045B,2024-05-05 08:59:56.099904+00:00,0.44219388,0.7377361,138.8419,357.4569,212.3657,0.7337,0,U,26464,999,6453,0,4.48e-06,0,Japan
NSS-11 (AAP-1),2000-059A,2024-05-02 13:34:22.882368+00:00,1.0027123,0.0002879,0.1151,84.6595,320.8158,195.0727,0,U,26554,999,8639,0,2.3e-07,0,France
USA 153,2000-065A,2024-05-02 15:54:17.052768+00:00,1.00271154,0.0001722,10.2779,41.3226,339.785,213.0268,0,U,26575,999,2383,0,-3.23e-06,0,India
AMC-6 (GE-6),2000-067A,2024-05-02 18:02:08.138112+00:00,1.00271291,0.0002519,0.0508,78.4486,337.291,296.9361,0,U,26580,999,8621,0,1.03e-06,0,USA
NAVSTAR 49 (USA 154),2000-071A,2024-05-03 07:57:43.243200+00:00,2.00553798,0.0155216,55.258,125.5836,259.4893,259.1845,0,U,26605,999,17198,0,9.6e-07,0,USA
INTELSAT 1R (IS-1R),2000-072A,2024-05-02 17:43:50.400192+00:00,1.00271376,1.97e-05,6.1536,73.1398,321.9623,249.0939,0,U,26608,999,8587,0,-1.37e-06,0,Japan
ANIK F1,2000-076A,2024-05-02 16:27:37.041696+00:00,1.00271871,0.0008164,3.1872,84.2557,344.6826,289.8821,0,U,26624,999,8595,0,-6.2e-07,0,China
NAVSTAR 50 (USA 156),2001-004A,2024-05-03 07:59:53.021184+00:00,1.915882,0.0002522,54.5726,61.1448,348.116,193.2893,0,U,26690,999,16867,0,-4.1e-07,0,Italy
ODIN,2001-007A,2024-05-03 00:51:27.557568+00:00,15.21157039,0.0009865,97.4857,139.4438,86.3438,273.8925,0,U,26702,999,27064,0.00043984,9.745e-05,0,China
USA 157 (MILSTAR-2 2),2001-009A,2024-05-02 09:46:29.391168+00:00,1.0026609,0.0002841,10.7003,24.0797,9.157,210.0678,0,U,26715,999,2386,0,1.3e-07,0,USA
BSAT-2A,2001-011B,2024-05-01 21:37:05.094624+00:00,0.99175348,7.24e-05,9.0707,54.1227,174.6791,48.2862,0,U,26720,999,8426,0,-4.8e-07,0,Italy
INTELSAT 10 (IS-10),2001-019A,2024-05-02 12:48:45.203328+00:00,1.0015011,0.0003164,7.2162,67.0815,340.997,142.5608,0,U,26766,999,3784,0,-3.13e-06,0,India
INTELSAT 901 (IS-901),2001-024A,2024-05-02 08:15:40.722912+00:00,1.00269911,0.0001025,0.0495,79.6332,350.3291,247.2186,0,U,26824,999,1520,0,-2.03e-06,0,Canada
ASTRA 2C,2001-025A,2024-05-02 20:04:18.920640+00:00,1.00269261,0.0002927,6.2567,72.4685,331.6328,45.7149,0,U,26853,999,8380,0,-2.58e-06,0,India
OMNI-M1,2001-026A,2024-05-03 09:22:39.552384+00:00,3.92402448,0.0014113,44.933,63.3784,228.1343,131.761,0,U,26857,999,33084,0,-2.4e-07,0,China
USA 159 (DSP 21),2001-033A,2024-05-03 02:29:46.569408+00:00,1.00271533,9.57e-05,12.0543,21.579,227.245,321.1206,0,U,26880,999,2384,0,-2.98e-06,0,Russia
INTELSAT 902 (IS-902),2001-039A,2024-05-03 08:12:41.232960+00:00,1.00271992,0.0003993,4.1483,81.1404,351.921,221.7535,0,U,26900,999,8300,0,-2.82e-06,0,China
PCSAT (NO-44),2001-043C,2024-05-03 04:52:56.072928+00:00,14.31200709,0.0006435,67.05,87.7624,282.0483,77.9897,0,U,26931,999,17967,0.00016114,3.43e-06,0,India
PROBA-1,2001-049B,2024-05-03 11:07:59.547360+00:00,15.00750828,0.0056094,97.9159,100.1786,212.64,147.1353,0,U,26958,999,22718,0.00022245,2.849e-05,0,UK
TIMED,2001-055B,2024-05-03 00:49:00.002784+00:00,14.91186983,3.46e-05,74.0714,351.5404,299.7186,60.3962,0,U,26998,999,21523,0.00016333,1.585e-05,0,Germany
MAROC-TUBSAT,2001-056D,2024-05-02 09:30:48.159936+00:00,13.70202178,0.001942,99.7271,277.3817,333.6392,44.9593,0,U,27004,999,11994,5.4966e-05,2e-08,0,UK
COSMOS 2385,2001-058B,2024-05-03 04:30:00.021600+00:00,12.6053768,0.000586,82.5402,355.4881,172.8023,334.3453,0,U,27056,999,2829,5.8804e-05,2.1e-07,0,Italy
COSMOS 2386,2001-058C,2024-05-03 03:14:56.697216+00:00,12.61587914,0.0001356,82.5464,350.3522,61.3986,298.7241,0,U,27057,999,2911,0.00012934,3.3e-07,0,France
USA 164 (MILSTAR-2 3),2002-001A,2024-05-01 23:05:59.150688+00:00,1.00268825,0.0100451,10.2624,26.0672,358.7308,198.1724,0,U,27168,999,2386,0,5e-07,0,Russia
INTELSAT 904 (IS-904),2002-007A,2024-05-03 06:35:28.589280+00:00,1.00270418,0.000297,4.9674,78.3351,323.8195,248.8696,0,U,27380,999,8131,0,-2.13e-06,0,UK
AQUA,2002-022A,2024-05-03 12:44:34.298592+00:00,14.59190283,7.7e-05,98.3276,73.7456,92.6424,328.6033,0,U,27424,999,17020,0.00029932,1.364e-05,0,Russia
DIRECTV 5 (TEMPO 1),2002-023A,2024-05-03 02:46:16.792032+00:00,1.00271805,0.00034,2.8854,84.9542,319.8794,108.1307,0,U,27426,999,8053,0,-5.6e-07,0,Japan
INTELSAT 905 (IS-905),2002-027A,2024-05-02 18:34:58.051200+00:00,1.00267128,0.0002569,4.7913,79.0017,314.9279,81.4905,0,U,27438,999,8019,0,-1.84e-06,0,USA
GALAXY 3C (G-3C),2002-030A,2024-05-02 19:57:55.465344+00:00,1.00270505,0.0002828,1.7249,87.4187,22.5111,315.9305,0,U,27445,999,8017,0,-1.53e-06,0,Germany
COSMOS 2390,2002-036A,2024-05-02 21:13:09.989760+00:00,12.4459852,0.0025928,82.4791,109.7369,151.7717,208.4775,0,U,27464,999,99137,0.00016917,3.4e-07,0,USA
COSMOS 2391,2002-036B,2024-05-03 12:04:09.488640+00:00,12.44920685,0.00269,82.479,106.1997,145.7112,214.5712,0,U,27465,999,99169,0.00027282,4.9e-07,0,Germany
INTELSAT 906 (IS-906),2002-041A,2024-05-03 01:53:08.842848+00:00,1.00272119,0.0003341,3.8224,82.4001,329.3905,262.1115,0,U,27513,999,7919,0,1.5e-07,0,China
INTEGRAL,2002-048A,2024-05-03 06:00:18.151776+00:00,0.37576583,0.8665602,88.7685,22.9054,283.2794,73.9342,0,U,27540,999,2371,0,4.48e-06,0,France
TDRS 10,2002-055A,2024-05-03 13:43:36.481728+00:00,1.00278813,0.0006828,9.4816,45.7115,337.214,233.9431,0,U,27566,999,7845,0,8.9e-07,0,Italy
LATINSAT B,2002-058B,2024-05-02 07:55:37.742880+00:00,14.74348077,0.0044433,64.5542,103.9882,144.8978,215.5067,0,U,27606,999,14759,0.0001918,1.155e-05,0,USA
SAUDISAT 1C (SO-50),2002-058C,2024-05-03 08:49:09.001920+00:00,14.78749043,0.003042,64.5568,359.2903,134.8768,225.4814,0,U,27607,999,14990,0.00026901,1.854e-05,0,India
LATINSAT A,2002-058H,2024-05-03 00:07:19.421760+00:00,14.82028261,0.0006067,64.555,203.3764,61.9037,298.2681,0,U,27612,999,15284,0.00017115,1.221e-05,0,France
NIMIQ 2,2002-062A,2024-05-02 13:49:47.015904+00:00,1.00272297,0.0005297,7.6261,64.6451,341.1044,273.4457,0,U,27632,999,7808,0,-6.5e-07,0,France
CORIOLIS,2003-001A,2024-05-02 14:53:57.886368+00:00,14.19450222,0.0012965,98.7145,131.5688,287.8324,72.1438,0,U,27640,999,10417,0.00012081,2.11e-06,0,Italy
SORCE,2003-004A,2024-05-02 14:26:35.513088+00:00,14.94715927,0.0022106,39.9942,339.9138,274.9028,84.9239,0,U,27651,999,15542,0.00033814,3.61e-05,0,Japan
NAVSTAR 51 (USA 166),2003-005A,2024-05-02 19:16:33.716928+00:00,2.00552054,0.0137815,55.1263,245.801,47.381,301.9181,0,U,27663,999,15575,0,-2.3e-07,0,Japan
USA 167,2003-008A,2024-05-03 11:32:58.941600+00:00,1.00272897,7.2e-05,9.4091,49.8379,299.4741,275.867,0,U,27691,999,2385,0,5.2e-07,0,Canada
NAVSTAR 52 (USA 168),2003-010A,2024-05-02 06:29:02.942880+00:00,2.00561086,0.0253603,55.1039,355.6435,326.2464,216.6707,0,U,27704,999,15454,0,-7.6e-07,0,Russia
USA 169 (MILSTAR-2 4),2003-012A,2024-05-03 13:23:05.387136+00:00,1.00271109,0.0100228,11.1644,35.6864,0.9118,178.2628,0,U,27711,999,2387,0,-2.36e-06,0,Italy
ASIASAT 4,2003-014A,2024-05-03 13:17:51.464832+00:00,1.00271452,0.0002626,2.7139,85.4725,318.5976,164.892,0,U,27718,999,7715,0,-2.22e-06,0,Germany
HELLAS-SAT 2,2003-020A,2024-05-02 16:56:03.799392+00:00,1.00271104,0.0005077,5.4083,76.998,316.6001,71.5404,0,U,27811,999,7656,0,-8.1e-07,0,UK
THURAYA-2,2003-026A,2024-05-02 21:42:27.003744+00:00,1.00272364,0.000279,7.6598,34.2924,337.5601,219.0437,0,U,27825,999,7656,0,1.26e-06,0,UK
OPTUS C1,2003-028B,2024-05-03 13:28:59.147616+00:00,1.0026936,0.0005935,4.9342,78.6669,322.5226,178.7063,0,U,27831,999,7655,0,-1.5e-06,0,USA
MOST,2003-031D,2024-05-03 13:17:53.808000+00:00,14.20942805,0.0009379,98.7076,132.1697,335.078,24.9943,0,U,27843,999,8068,9.2793e-05,1.57e-06,0,Japan
CUTE-1 (CO-55),2003-031E,2024-05-02 12:50:18.406464+00:00,14.23199937,0.0008462,98.6786,131.2007,278.2226,81.7992,0,U,27844,999,8129,0.0002559,5.35e-06,0,France
CUBESAT XI-IV (CO-57),2003-031J,2024-05-03 12:08:57.766560+00:00,14.22651389,0.000845,98.6814,132.4281,293.4321,66.5969,0,U,27848,999,8123,0.00020841,4.23e-06,0,India
GALAXY 23 (G-23),2003-034A,2024-05-02 16:24:14.036256+00:00,1.00272191,0.0002701,1.1889,89.5556,310.5819,306.1106,0,U,27854,999,8077,0,1.2e-07,0,China
SCISAT 1,2003-036A,2024-05-03 13:34:48.194976+00:00,14.79069845,0.0007092,73.9319,268.0584,155.5015,204.6499,0,U,27858,999,11682,0.00017165,1.235e-05,0,Japan
COSMOS 2400,2003-037A,2024-05-02 14:47:15.419616+00:00,12.45164568,0.0020701,82.4669,96.1511,315.542,44.3998,0,U,27868,999,94100,0.00015647,3.2e-07,0,France
COSMOS 2401,2003-037B,2024-05-03 11:55:32.319840+00:00,12.45479722,0.0021381,82.4667,92.3123,309.5845,50.3348,0,U,27869,999,94146,8.7502e-05,2.2e-07,0,Canada
USA 170,2003-040A,2024-05-03 01:05:42.707616+00:00,1.00273331,0.0003609,8.8415,54.7848,12.7539,186.5183,0,U,27875,999,2385,0,9.6e-07,0,Russia
MOZHAYETS 4 (RS-22),2003-042A,2024-05-03 13:24:41.259168+00:00,14.69735349,0.0011865,98.2859,280.0727,195.964,238.5957,0,U,27939,999,10172,0.00029746,1.723e-05,0,Japan
LARETS,2003-042F,2024-05-03 12:49:59.461536+00:00,14.63497271,0.0011178,98.3081,264.4379,298.3594,61.648,0,U,27944,999,10012,3.5767e-05,1.36e-06,0,Japan
GALAXY 13 (HORIZONS-1),2003-044A,2024-05-03 11:32:24.060192+00:00,1.00296973,8.13e-05,0.0158,147.6762,32.9027,64.4095,0,U,27954,999,7538,0,1.3e-06,0,Russia
IRS-P6 (RESOURCESAT-1),2003-046A,2024-05-03 11:39:48.085344+00:00,14.35421914,0.006575,98.2971,183.4767,142.0773,276.5954,0,U,28051,999,6938,0.00015173,4.05e-06,0,Japan
DMSP 5D-3 F16 (USA 172),2003-048A,2024-05-03 13:55:56.630784+00:00,14.14007806,0.0007396,99.0219,130.6301,170.4319,298.3066,0,U,28054,999,5997,0.0001168,1.76e-06,0,Germany
CHUANGXIN 1 (CX-1),2003-049B,2024-05-03 12:47:25.768032+00:00,14.47683357,0.0013045,98.599,3.6281,15.8105,344.3491,0,U,28058,999,8416,0.00010776,3.52e-06,0,UK
YAMAL 202,2003-053A,2024-05-02 17:45:43.180704+00:00,1.00270992,0.0003618,4.375,80.2441,331.3103,239.5294,0,U,28089,999,7490,0,-7.8e-07,0,Russia
UFO 11 (USA 174),2003-057A,2024-05-02 21:47:58.071264+00:00,1.00272269,0.0003282,7.9981,36.8703,18.38,208.4378,0,U,28117,999,7464,0,-1.02e-06,0,Russia
NAVSTAR 53 (USA 175),2003-058A,2024-05-03 02:15:02.665440+00:00,2.00574929,0.0069304,54.47,53.2102,338.2835,21.416,0,U,28129,999,14924,0,-5.4e-07,0,India
USA 176 (DSP 22),2004-004A,2024-05-02 21:52:23.719296+00:00,1.00273118,7.38e-05,11.0024,31.3023,44.6877,200.7822,0,U,28158,999,2383,0,-2.19e-06,0,Russia
ABS-4 (MOBISAT-1),2004-007A,2024-05-02 13:36:42.708672+00:00,1.00275416,0.000529,4.0672,81.3366,322.7016,82.1362,0,U,28184,999,7380,0,4e-07,0,France
EUTELSAT 7A,2004-008A,2024-05-02 14:39:15.513408+00:00,1.00272544,0.000288,3.8509,81.1072,329.9627,250.5616,0,U,28187,999,7357,0,1.05e-06,0,USA
NAVSTAR 54 (USA 177),2004-009A,2024-05-02 20:15:28.090368+00:00,2.00560292,0.0096488,55.4937,306.8471,145.8268,32.5763,0,U,28190,999,14742,0,-2.6e-07,0,India
SHIYAN 1 (SY-1),2004-012A,2024-05-03 13:35:49.646112+00:00,15.10758111,0.0010103,97.9692,150.4639,173.5282,186.6079,0,U,28220,999,9343,0.00047452,7.814e-05,0,USA
AMC-11 (GE-11),2004-017A,2024-05-02 13:47:31.172640+00:00,1.0026931,0.000128,0.0164,42.1002,329.1663,305.4814,0,U,28252,999,7292,0,-5.1e-07,0,Germany
INTELSAT 10-02,2004-022A,2024-05-03 03:17:28.960800+00:00,1.00269568,7.59e-05,0.0088,249.8469,162.7077,217.3373,0,U,28358,999,7285,0,-1.4e-07,0,China
NAVSTAR 55 (USA 178),2004-023A,2024-05-02 14:39:44.265600+00:00,2.00569263,0.0152299,54.4038,118.1124,279.5449,266.5528,0,U,28361,999,14548,0,8.7e-07,0,India
APRIZESAT 2,2004-025A,2024-05-03 01:36:13.304160+00:00,14.37272832,0.0108083,98.0865,324.9578,70.32,290.9612,0,U,28366,999,4028,0.00010922,3.07e-06,0,India
SAUDICOMSAT 1,2004-025D,2024-05-03 11:14:24.527616+00:00,14.53895893,0.0031852,98.5353,104.749,234.1824,125.6411,0,U,28369,999,5154,0.00017983,7.12e-06,0,India
SAUDICOMSAT 2,2004-025E,2024-05-03 12:41:19.118400+00:00,14.4863997,0.0058016,98.6272,105.5205,84.9802,275.801,0,U,28370,999,4794,0.00017947,6.41e-06,0,UK
SAUDISAT 2,2004-025F,2024-05-03 12:01:41.863008+00:00,14.55419651,0.0025751,98.4804,96.9309,153.8018,206.4488,0,U,28371,999,5304,0.00012907,5.15e-06,0,Russia
APRIZESAT 1,2004-025G,2024-05-03 12:29:00.310272+00:00,14.5061998,0.0044921,98.5895,104.9184,352.0012,8.046,0,U,28372,999,4958,0.00015748,5.77e-06,0,France
AURA,2004-026A,2024-05-03 12:08:23.812224+00:00,14.58481264,0.0001181,98.2484,69.6629,111.0304,249.1022,0,U,28376,999,5320,0.00029583,1.327e-05,0,Germany
ANIK F2,2004-027A,2024-05-02 13:47:21.822432+00:00,1.00271351,0.0002838,1.2754,89.1208,337.7815,249.821,0,U,28378,999,7257,0,-5e-07,0,China
COSMOS 2407,2004-028A,2024-05-02 20:51:46.523808+00:00,13.76204899,0.003789,82.9573,288.9582,260.488,211.6566,0,U,28380,999,99342,8.2271e-05,9.5e-07,0,Japan
SHIJIAN-6 01A (SJ-6 01A),2004-035A,2024-05-03 00:42:48.839616+00:00,15.01187515,0.000461,97.6518,143.9825,237.4556,122.6224,0,U,28413,999,7062,0.00034179,4.326e-05,0,Canada
SHIJIAN-6 01B (SJ-6 01B),2004-035B,2024-05-03 13:35:34.287648+00:00,14.97832081,0.0004557,97.6729,142.8791,276.2098,83.8605,0,U,28414,999,7050,0.00015089,1.716e-05,0,Germany
COSMOS 2408,2004-037A,2024-05-02 13:01:58.675008+00:00,12.45651989,0.0016158,82.4813,91.7571,164.1098,196.0493,0,U,28419,999,89133,0.00024984,4.6e-07,0,Japan
COSMOS 2409,2004-037B,2024-05-03 11:42:35.308224+00:00,12.45299945,0.0013608,82.4813,94.0608,171.4136,188.7181,0,U,28420,999,89140,0.0001717,3.5e-07,0,USA
AMC-15,2004-041A,2024-05-03 12:32:42.675360+00:00,1.00271353,0.0002367,0.0427,69.7806,323.5771,271.6767,0,U,28446,999,7157,0,-9.1e-07,0,Japan
JB-3 3 (ZY 2C),2004-044A,2024-05-03 12:26:56.137920+00:00,15.09511421,0.0040989,97.2079,304.5595,40.6615,319.7662,0,U,28470,999,7052,0.00027511,4.437e-05,0,Russia
NAVSTAR 56 (USA 180),2004-045A,2024-05-02 18:41:49.659072+00:00,2.00560413,0.0162352,55.4321,356.0265,291.2907,245.4574,0,U,28474,999,14287,0,-7.6e-07,0,Italy
SWIFT,2004-047A,2024-05-02 17:04:58.248192+00:00,15.17843207,0.000841,20.5551,146.4994,54.1178,306.0038,0,U,28485,999,6740,0.00043166,9.529e-05,0,Italy
HELIOS 2A,2004-049A,2024-05-03 12:20:01.377312+00:00,14.9727182,0.0012369,98.3192,115.0981,353.476,6.6297,0,U,28492,999,3761,0.00031449,3.583e-05,0,USA
NANOSAT-1,2004-049B,2024-05-03 05:43:57.072864+00:00,14.76286954,0.0002976,98.1406,237.4082,254.9512,105.1368,0,U,28493,999,4096,0.00026614,1.792e-05,0,China
COSMOS 2414,2005-002A,2024-05-03 03:52:05.190816+00:00,13.87767286,0.0040612,82.9475,269.7672,21.2188,339.0648,0,U,28521,999,97665,9.0237e-05,1.23e-06,0,France
NSS-10 (AMC-12),2005-003A,2024-05-02 18:31:12.487584+00:00,1.0027232,0.0003182,4.5014,79.7003,317.8104,64.0027,0,U,28526,999,7054,0,-2.5e-06,0,UK
XTAR-EUR,2005-005A,2024-05-01 13:09:30.681792+00:00,1.00271223,0.0003249,2.329,86.3504,305.7379,54.254,0,U,28542,999,7040,0,1.53e-06,0,India
XM-3 (RHYTHM),2005-008A,2024-05-02 20:00:25.840224+00:00,1.00270194,0.0001271,0.0129,250.9334,334.4991,210.8115,0,U,28626,999,7029,0,-2.07e-06,0,France
INMARSAT 4-F1,2005-009A,2024-05-03 13:28:10.013664+00:00,1.0027246,0.0002594,4.2336,40.7421,23.2587,178.085,0,U,28628,999,6989,0,3.2e-07,0,Germany
IRS-P5 (CARTOSAT-1),2005-017A,2024-05-03 02:59:00.366720+00:00,14.86737885,0.0002826,97.6184,169.4032,104.9417,255.2112,0,U,28649,999,2853,0.00022137,1.918e-05,0,UK
NOAA 18,2005-018A,2024-05-03 11:05:45.776832+00:00,14.13188044,0.0014311,98.8746,201.7979,185.7191,174.382,0,U,28654,999,97694,0.00017251,2.79e-06,0,Germany
DIRECTV 8,2005-019A,2024-05-02 15:04:26.290848+00:00,1.00271413,0.0003019,0.0034,93.7193,316.3895,277.9757,0,U,28659,999,6929,0,0,0,China
GALAXY 28 (G-28),2005-022A,2024-05-03 05:53:04.303680+00:00,1.00271068,0.0001639,1.2947,88.3974,226.8531,265.6581,0,U,28702,999,6905,0,-1.86e-06,0,China
SJ-7,2005-024A,2024-05-03 13:38:17.325312+00:00,15.04600264,0.0022661,97.7686,129.6952,166.5139,193.6698,0,U,28737,999,3086,0.00045389,6.346e-05,0,Japan
THAICOM 4,2005-028A,2024-05-03 12:27:21.701088+00:00,1.00268683,0.0001778,0.0109,252.1488,152.6403,123.502,0,U,28786,999,6855,0,-3.65e-06,0,Italy
GALAXY 14 (G-14),2005-030A,2024-05-02 18:45:25.317792+00:00,1.00269579,0.0001589,3.0141,84.3396,306.1747,144.9056,0,U,28790,999,6852,0,1.55e-06,0,UK
REIMEI (INDEX),2005-031B,2024-05-03 12:08:34.924992+00:00,14.9729115,0.0024221,97.9831,210.8802,206.0509,153.9495,0,U,28810,999,1452,0.00045458,5.24e-05,0,USA
ANIK F1R,2005-036A,2024-05-02 16:28:14.636064+00:00,1.00271793,0.0003436,2.3148,86.1451,335.9955,298.7332,0,U,28868,999,6838,0,-7.5e-07,0,France
NAVSTAR 57 (USA 183),2005-038A,2024-05-02 13:42:39.417120+00:00,2.00558489,0.0136093,55.5408,304.3177,283.9902,81.9602,0,U,28874,999,13628,0,-2.2e-07,0,Canada
SYRACUSE 3A,2005-041B,2024-05-02 21:44:10.506624+00:00,1.00271528,0.0003009,2.6593,85.4083,309.0003,199.1241,0,U,28885,999,6796,0,1.32e-06,0,Germany
BEIJING 1,2005-043A,2024-05-03 13:05:56.961024+00:00,14.62272922,0.0014934,98.1934,247.7455,181.2766,178.84,0,U,28890,999,98737,0.00011759,5.46e-06,0,Russia
SINAH 1,2005-043D,2024-05-02 08:42:33.150816+00:00,14.62659282,0.0014901,98.1873,247.5468,181.8702,178.2446,0,U,28893,999,98703,0.00016038,7.69e-06,0,Japan
CUBESAT XI-V,2005-043F,2024-05-02 08:32:33.733536+00:00,14.67420689,0.0016721,98.1944,259.1448,139.8218,220.4226,0,U,28895,999,98773,0.00044484,2.472e-05,0,China
INMARSAT 4-F2,2005-044A,2024-05-02 17:39:57.318048+00:00,1.00270967,0.0002378,4.1433,42.2178,22.9241,204.464,0,U,28899,999,6772,0,-2.61e-06,0,Japan
SPACEWAY 2,2005-046B,2024-05-03 13:12:42.452640+00:00,1.00271245,3.91e-05,3.5025,80.7829,64.4124,135.9993,0,U,28903,999,6772,0,1.03e-06,0,Russia
COSMOS 2416,2005-048A,2024-05-02 09:46:56.126784+00:00,12.55554918,0.0009252,82.4663,83.7444,97.8691,20.0067,0,U,28908,999,84154,0.00029911,5.9e-07,0,UK
METEOSAT-9 (MSG-2),2005-049B,2024-05-02 13:02:42.765792+00:00,1.00269163,8.03e-05,7.5831,61.2395,342.1556,58.928,0,U,28912,999,6727,0,1.28e-06,0,India
EUTELSAT 174A,2005-052A,2024-05-02 19:31:44.046336+00:00,1.00271392,0.000632,2.2448,85.9952,315.7152,286.4434,0,U,28924,999,6721,0,1e-07,0,Canada
ECHOSTAR 10,2006-003A,2024-05-03 04:47:18.966912+00:00,1.00270759,0.0002211,0.0185,359.5641,6.7521,176.9046,0,U,28935,999,6674,0,-5.8e-07,0,Germany
SPAINSAT,2006-007A,2024-05-01 11:20:22.640064+00:00,1.00271134,0.0002378,0.0133,205.7636,206.2759,307.9875,0,U,28945,999,6643,0,-2.15e-06,0,India
EUTELSAT HOTBIRD 13E,2006-007B,2024-05-03 03:21:29.562336+00:00,1.0026845,0.0004726,0.1147,126.8722,290.554,227.2796,0,U,28946,999,6652,0,8.4e-07,0,Russia
JCSAT-5A,2006-010A,2024-05-02 17:36:41.830272+00:00,1.00271784,9.42e-05,0.0121,204.0894,107.843,305.4188,0,U,29045,999,6616,0,-3.29e-06,0,USA
ASTRA 1KR,2006-012A,2024-05-03 03:23:22.342848+00:00,1.00276401,6.11e-05,0.0183,293.1618,98.6406,259.8142,0,U,29055,999,6597,0,1.18e-06,0,Germany
EROS B,2006-014A,2024-05-03 13:56:43.256544+00:00,15.15593783,0.0009986,97.3297,240.3617,9.1568,350.9845,0,U,29079,999,77,0.00078116,0.00014803,0,Canada
CALIPSO,2006-016B,2024-05-03 05:35:48.431616+00:00,14.65565304,0.0001487,98.4167,104.9989,97.3357,262.8015,0,U,29108,999,95938,0.00035346,1.867e-05,0,USA
EWS-G1 (GOES 13),2006-018A,2024-05-03 13:53:34.893312+00:00,0.99122306,0.0084642,2.5091,85.7559,254.1166,150.9635,0,U,29155,999,6572,0,9.2e-07,0,Italy
RESURS-DK 1,2006-021A,2024-05-02 13:22:25.120416+00:00,15.06984253,0.0001,69.9344,178.7548,68.5889,291.538,0,U,29228,999,98547,0.00016224,2.332e-05,0,India
GALAXY 16 (G-16),2006-023A,2024-05-02 14:00:39.754080+00:00,1.00271866,0.000282,0.009,221.767,187.1106,283.2613,0,U,29236,999,6549,0,-1.29e-06,0,Japan
GENESIS 1,2006-029A,2024-05-02 12:30:03.062592+00:00,15.36691641,0.0018092,64.5173,320.0457,328.5063,31.4984,0,U,29252,999,98356,0.00043891,0.00015692,0,France
ARIRANG-2 (KOMPSAT-2),2006-031A,2024-05-03 13:00:37.942848+00:00,14.63516506,0.0015082,97.869,334.8826,14.7201,43.4255,0,U,29268,999,94821,9.5774e-05,4.52e-06,0,Germany
EUTELSAT HOTBIRD 13B,2006-032A,2024-05-02 11:59:10.334688+00:00,1.00269197,0.0004096,0.0415,6.3188,57.5079,9.9494,0,U,29270,999,3952,0,1.54e-06,0,UK
JCSAT-3A,2006-033A,2024-05-02 19:31:23.346624+00:00,1.00272833,0.0002736,0.0187,266.4358,167.5906,208.0261,0,U,29272,999,6498,0,-3.46e-06,0,India
SYRACUSE 3B,2006-033B,2024-05-03 03:16:21.292320+00:00,1.00270488,0.00042,0.9059,89.956,306.9898,228.4665,0,U,29273,999,6497,0,-4.5e-07,0,Italy
KOREASAT 5 (MUGUNGWHA 5),2006-034A,2024-05-03 00:24:03.011328+00:00,1.00269119,0.0001354,0.0164,254.2562,175.9243,270.2928,0,U,29349,999,6486,0,-3.6e-06,0,China
HINODE (SOLAR-B),2006-041A,2024-05-03 12:21:08.443584+00:00,14.6629125,0.0017103,98.0918,140.471,218.2597,141.7394,0,U,29479,999,94124,0.00020921,1.107e-05,0,Germany
NAVSTAR 58 (USA 190),2006-042A,2024-05-02 06:14:18.244032+00:00,2.00558399,0.010334,54.6759,182.1064,37.4781,3.9819,0,U,29486,999,12883,0,4.1e-07,0,Germany
DIRECTV 9S,2006-043A,2024-05-03 05:43:51.809376+00:00,1.00270532,0.0002869,0.4134,89.4769,323.2792,153.6362,0,U,29494,999,6433,0,-1.15e-06,0,China
OPTUS D1,2006-043B,2024-05-03 13:23:05.424288+00:00,1.00273287,0.0004055,1.0297,89.224,312.2496,173.2281,0,U,29495,999,6437,0,-1.84e-06,0,Russia
SHIJIAN-6 02A (SJ-6 02A),2006-046A,2024-05-03 13:03:49.213440+00:00,15.02713674,0.000224,97.7273,151.7584,255.7668,104.3308,0,U,29505,999,95545,0.00042259,5.583e-05,0,Canada
SHIJIAN-6 02B (SJ-6 02B),2006-046B,2024-05-03 12:53:56.175936+00:00,14.970717,0.0003498,97.7419,149.8659,97.1136,263.0483,0,U,29506,999,95465,0.00020046,2.253e-05,0,France
DMSP 5D-3 F17 (USA 191),2006-050A,2024-05-03 13:13:53.044896+00:00,14.14455946,0.0011292,98.7457,136.0471,105.3901,254.8521,0,U,29522,999,90288,0.00012481,1.96e-06,0,Russia
BADR-4,2006-051A,2024-05-03 12:00:32.688576+00:00,1.00271381,0.0004154,0.0388,353.8932,18.7423,55.618,0,U,29526,999,6412,0,1.43e-06,0,UK
NAVSTAR 59 (USA 192),2006-052A,2024-05-02 15:07:34.689504+00:00,2.00564871,0.0086294,55.1552,244.7825,82.4454,278.5228,0,U,29601,999,12789,0,-2.1e-07,0,France
WILDBLUE-1,2006-054A,2024-05-02 13:47:21.856992+00:00,1.00271806,0.000182,0.7934,90.7917,311.2701,274.5667,0,U,29643,999,4601,0,-5e-07,0,Japan
LAPAN-TUBSAT,2007-001A,2024-05-03 12:08:44.498112+00:00,14.83892265,0.0012462,98.066,99.226,179.5198,180.603,0,U,29709,999,93618,0.00011805,9.25e-06,0,China
THEMIS A,2007-004A,2024-05-01 18:51:39.079872+00:00,0.87833857,0.8337805,10.3972,268.7419,311.9459,2.5352,0,U,30580,999,5914,0,-5.85e-06,0,Italy
SKYNET 5A,2007-007B,2024-05-03 00:18:54.742176+00:00,1.00270977,0.0003801,3.3165,82.9956,327.7001,270.664,0,U,30794,999,6288,0,-2.71e-06,0,USA
THEMIS D,2007-004D,2024-05-02 23:07:31.456992+00:00,0.87834876,0.8327682,6.3829,264.177,320.3344,2.6136,0,U,30797,999,5867,0,-5.65e-06,0,India
THEMIS E,2007-004E,2024-05-02 20:07:19.369632+00:00,0.87832495,0.8322552,7.9249,283.1509,302.7214,338.7331,0,U,30798,999,5909,0,-5.99e-06,0,Russia
ANIK F3,2007-009A,2024-05-02 15:04:26.262336+00:00,1.00274231,0.0002083,0.0154,270.6446,136.2147,281.5762,0,U,31102,999,6256,0,-3e-08,0,France
HAIYANG-1B,2007-010A,2024-05-02 18:35:31.372224+00:00,14.30586986,0.0013269,98.296,127.879,346.6608,13.4223,0,U,31113,999,89048,8.3186e-05,1.76e-06,0,UK
SAUDISAT 3,2007-012B,2024-05-03 09:07:57.213984+00:00,14.70160516,0.0015171,98.0534,68.5634,167.4779,192.6807,0,U,31118,999,91390,9.8243e-05,5.43e-06,0,France
SAUDICOMSAT 7,2007-012C,2024-05-03 11:00:56.566656+00:00,14.63657834,0.005946,98.2741,78.0017,103.6373,257.146,0,U,31119,999,90904,0.0002242,1.145e-05,0,Japan
SAUDICOMSAT 6,2007-012E,2024-05-02 09:51:06.139008+00:00,14.60303701,0.0073559,98.307,71.753,221.4097,138.1514,0,U,31121,999,90685,0.00018242,8.63e-06,0,UK
SAUDICOMSAT 5,2007-012H,2024-05-03 10:42:37.571616+00:00,14.65510577,0.0050747,98.2448,79.0157,43.9139,316.608,0,U,31124,999,91006,0.00026343,1.403e-05,0,India
SAUDICOMSAT 3,2007-012J,2024-05-03 10:07:25.636800+00:00,14.67606322,0.004098,98.2114,79.7924,342.678,17.3024,0,U,31125,999,91111,0.00028528,1.589e-05,0,UK
SAUDICOMSAT 4,2007-012L,2024-05-03 03:27:37.709280+00:00,14.62121715,0.0066468,98.2946,76.1988,158.3874,202.0156,0,U,31127,999,90807,0.00017615,8.62e-06,0,China
ASTRA 1L,2007-016A,2024-05-03 11:58:32.388672+00:00,1.00275828,0.0003481,0.0491,335.7323,17.4908,67.5053,0,U,31306,999,6227,0,1.18e-06,0,Japan
GALAXY 17 (G-17),2007-016B,2024-05-02 20:00:25.840224+00:00,1.00270231,0.0003327,1.0015,89.8447,332.5468,13.9401,0,U,31307,999,6230,0,-2.07e-06,0,USA
YAOGAN-2,2007-019A,2024-05-03 12:01:20.331264+00:00,14.79585349,0.0018487,98.3143,306.5066,249.4843,110.4383,0,U,31490,999,91293,0.0003388,2.488e-05,0,Germany
GLOBALSTAR M065,2007-020A,2024-05-02 12:14:39.031872+00:00,12.61968654,0.0010623,51.9916,36.1924,116.649,54.4705,0,U,31571,999,78155,0.00022999,-6.3e-07,0,France
GLOBALSTAR M069,2007-020C,2024-05-02 15:27:18.145728+00:00,12.62271502,9.66e-05,51.9968,351.6728,75.6234,319.8586,0,U,31573,999,78270,0.00030927,-4.8e-07,0,India
GLOBALSTAR M072,2007-020D,2024-05-03 04:31:57.370080+00:00,12.62271094,3.95e-05,52.0078,85.906,7.6354,5.523,0,U,31574,999,78120,0.00017089,-7.3e-07,0,USA
GLOBALSTAR M071,2007-020F,2024-05-03 09:54:25.339392+00:00,12.62264707,7.8e-05,52.0085,354.4617,39.9429,131.1443,0,U,31576,999,78271,0.00033389,-4.4e-07,0,France
COSMO-SKYMED 1,2007-023A,2024-05-03 12:16:31.328544+00:00,14.82152796,0.0001495,97.8869,308.3133,88.2432,271.8952,0,U,31598,999,91457,0.00010877,8.14e-06,0,Japan
TERRASAR-X,2007-026A,2024-05-02 12:38:48.105888+00:00,15.19157798,0.0001832,97.4442,131.3254,82.0895,278.0547,0,U,31698,999,93546,0.0001035,2.107e-05,0,UK
GENESIS 2,2007-028A,2024-05-02 09:09:17.141760+00:00,15.35117166,0.0027521,64.4925,5.9086,223.5842,136.3115,0,U,31789,999,93038,0.0004286,0.00014654,0,Japan
COSMOS 2428,2007-029A,2024-05-02 14:23:41.070624+00:00,14.12718622,0.0007581,70.9455,182.4236,121.6293,238.5569,0,U,31792,999,86860,-3.5809e-05,-1.14e-06,0,Italy
ZHONGXING-6B,2007-031A,2024-05-03 03:14:42.702144+00:00,1.00273596,0.0003427,0.3986,91.7433,297.0345,356.7427,0,U,31800,999,6170,0,-3.63e-06,0,Japan
DIRECTV 10,2007-032A,2024-05-03 12:42:07.081632+00:00,1.00270372,1.57e-05,0.0324,109.5154,137.1732,62.9573,0,U,31862,999,6163,0,-1.05e-06,0,India
BSAT-3A,2007-036B,2024-05-03 00:23:10.379904+00:00,1.00273385,3.99e-05,0.0325,172.0669,27.8211,137.1526,0,U,32019,999,6129,0,-3.52e-06,0,India
WORLDVIEW-1 (WV-1),2007-041A,2024-05-02 20:33:44.960832+00:00,15.25047097,0.0003188,97.3744,243.8827,153.9648,206.1751,0,U,32060,999,92489,0.00041053,0.00010193,0,Germany
OPTUS D2,2007-044A,2024-05-03 03:33:42.408000+00:00,1.00271828,0.0003522,0.0644,90.2681,311.8178,32.9365,0,U,32252,999,6067,0,-1.12e-06,0,Germany
INTELSAT 11 (IS-11),2007-044B,2024-05-02 20:12:42.676704+00:00,1.00272189,0.0003308,1.5468,88.2738,322.9908,70.1488,0,U,32253,999,6075,0,-2.69e-06,0,Italy
WGS F1 (USA 195),2007-046A,2024-05-02 04:59:07.714752+00:00,1.00269787,0.0001232,0.0115,251.2582,230.9543,179.1541,0,U,32258,999,4456,0,4e-07,0,USA
NAVSTAR 60 (USA 196),2007-047A,2024-05-03 10:20:07.069632+00:00,2.00566482,0.0153341,53.5845,112.1026,74.5434,287.1536,0,U,32260,999,12129,0,7.5e-07,0,USA
GLOBALSTAR M070,2007-048B,2024-05-02 11:46:05.964384+00:00,12.62291352,5.01e-05,51.9749,299.625,106.7598,271.2672,0,U,32264,999,76180,0.00020227,-6.8e-07,0,USA
GLOBALSTAR M066,2007-048C,2024-05-03 06:07:56.502912+00:00,12.62261605,3.52e-05,51.9654,159.2783,172.7837,264.4121,0,U,32265,999,76510,0.0001461,-7.8e-07,0,France
COSMOS 2433 [GLONASS-M],2007-052A,2024-05-03 04:05:00.945312+00:00,2.13103929,6.23e-05,65.9501,341.8855,274.3617,85.6829,0,U,32275,999,12858,0,-3.3e-07,0,Italy
COSMOS 2432 [GLONASS-M],2007-052B,2024-05-03 11:25:32.600064+00:00,2.1310315,0.0009902,65.9648,341.9883,338.8718,202.2536,0,U,32276,999,12858,0,-3.4e-07,0,Germany
YAOGAN-3,2007-055A,2024-05-03 12:55:48.934848+00:00,14.84845687,0.000203,97.8913,150.2729,95.7656,264.379,0,U,32289,999,89070,0.00032928,2.744e-05,0,USA
SKYNET 5B,2007-056B,2024-05-02 21:21:00.629568+00:00,1.00270863,0.0003806,3.2719,82.5777,314.7963,169.257,0,U,32294,999,6041,0,1.42e-06,0,Germany
ASTRA 4A (SIRIUS 4),2007-057A,2024-05-02 22:59:38.770368+00:00,1.00272154,0.0002925,0.0181,351.1024,47.1259,172.8305,0,U,32299,999,6018,0,3e-07,0,Canada
COSMO-SKYMED 2,2007-059A,2024-05-03 11:27:53.857152+00:00,14.82152459,0.0001479,97.8868,308.2777,88.0414,272.0969,0,U,32376,999,88732,0.00011242,8.43e-06,0,France
RADARSAT-2,2007-061A,2024-05-03 12:43:48.084960+00:00,14.2998355,0.0001264,98.5789,131.5443,90.8478,269.2849,0,U,32382,999,85535,6.6069e-05,1.27e-06,0,Japan
NAVSTAR 61 (USA 199),2007-062A,2024-05-01 12:11:40.474176+00:00,2.00571986,0.0027309,55.6792,305.2162,148.1586,30.9505,0,U,32384,999,11999,0,-1.6e-07,0,France
HORIZONS-2,2007-063B,2024-05-02 20:03:56.365056+00:00,1.00269076,0.00021,0.5938,89.969,325.9694,32.4672,0,U,32388,999,6010,0,-2.54e-06,0,Italy
COSMOS 2434 [GLONASS-M],2007-065A,2024-05-02 18:58:21.818784+00:00,2.13103087,0.0002028,64.3207,218.1127,81.0879,239.8107,0,U,32393,999,12727,0,-4e-08,0,USA
COSMOS 2436 [GLONASS-M],2007-065C,2024-05-01 17:25:14.888928+00:00,2.13102871,0.00161,64.3294,218.2128,0.1388,359.2199,0,U,32395,999,12717,0,1e-08,0,Russia
THURAYA-3,2008-001A,2024-05-02 20:36:43.190208+00:00,1.00272686,0.0002442,4.7938,32.0397,18.2223,218.6666,0,U,32404,999,5975,0,-3.02e-06,0,Russia
THOR 5,2008-006A,2024-05-03 03:17:36.480192+00:00,1.00270837,0.0002421,0.0116,249.5877,151.893,228.6963,0,U,32487,999,5940,0,-1.1e-07,0,China
AMC-14,2008-011A,2024-05-02 21:11:56.464224+00:00,1.00270834,0.0043474,23.0274,29.8451,359.8408,167.0562,0,U,32708,999,6032,0,7e-07,0,USA
NAVSTAR 62 (USA 201),2008-012A,2024-05-02 20:26:44.490912+00:00,2.00566698,0.0186218,54.4479,180.857,238.4458,119.7937,0,U,32711,999,11820,0,4.6e-07,0,Italy
DIRECTV 11,2008-013A,2024-05-02 14:00:39.749760+00:00,1.00269052,7.47e-05,0.0205,112.23,48.7695,170.9571,0,U,32729,999,5916,0,-1.27e-06,0,Japan
ICO G1,2008-016A,2024-05-02 08:27:42.669216+00:00,1.00272842,0.0002759,4.8437,34.645,349.4631,230.7155,0,U,32763,999,5868,0,-1.72e-06,0,Italy
VINASAT-1,2008-018A,2024-05-02 19:19:49.763712+00:00,1.00268947,0.0001682,0.0285,30.4107,39.3886,213.304,0,U,32767,999,5881,0,-3.3e-06,0,France
STAR ONE C2,2008-018B,2024-05-02 20:06:26.739936+00:00,1.00272956,0.000263,0.0444,57.9585,350.073,49.8126,0,U,32768,999,5877,0,-2.79e-06,0,India
CARTOSAT-2A,2008-021A,2024-05-03 12:20:49.847712+00:00,14.78679416,0.0013345,97.8692,183.9395,105.7799,254.4885,0,U,32783,999,86440,0.00018328,1.294e-05,0,USA
CUTE-1.7+APD II (CO-65),2008-021C,2024-05-02 21:10:25.961952+00:00,14.96079314,0.0012911,97.7513,89.6201,113.3369,246.9212,0,U,32785,999,86877,0.0004089,4.546e-05,0,Canada
AAUSAT-II,2008-021F,2024-05-03 12:04:23.789568+00:00,15.1515214,0.0004448,97.5925,104.6917,0.8719,359.252,0,U,32788,999,87165,0.00098423,0.00018425,0,Canada
CANX-2,2008-021H,2024-05-03 10:33:13.109184+00:00,14.94713848,0.0013887,97.7633,88.9478,120.1224,240.1375,0,U,32790,999,86868,0.00042867,4.605e-05,0,China
SEEDS II (CO-66),2008-021J,2024-05-03 11:21:30.426912+00:00,15.02742023,0.0007082,97.6862,95.9354,96.1166,264.0866,0,U,32791,999,86988,0.000815,0.00010846,0,Germany
AMOS-3,2008-022A,2024-05-02 08:22:19.216992+00:00,1.00269505,0.0001832,0.0172,252.9986,112.3146,336.9115,0,U,32794,999,7455,0,-3.7e-07,0,UK
GALAXY 18 (G-18),2008-024A,2024-05-03 12:15:46.532736+00:00,1.002726,0.0003173,0.0126,270.7332,138.5082,233.5857,0,U,32951,999,5831,0,2.3e-07,0,Russia
YUBILEINY (RS-30),2008-025A,2024-05-03 11:39:02.460960+00:00,12.43139934,0.0018844,82.4985,117.2921,198.8377,161.2008,0,U,32953,999,72357,0.00025388,4.5e-07,0,China
COSMOS 2437,2008-025B,2024-05-02 20:37:14.007360+00:00,12.42734922,0.0019722,82.4967,119.4456,217.6398,216.3717,0,U,32954,999,72329,0.0002718,4.7e-07,0,France
COSMOS 2438,2008-025C,2024-05-03 11:06:09.778752+00:00,12.43342218,0.0020871,82.4968,114.973,192.5724,167.4838,0,U,32955,999,72372,0.00036979,6.1e-07,0,USA
COSMOS 2439,2008-025D,2024-05-02 20:23:56.160384+00:00,12.43043317,0.0020275,82.5017,119.7395,203.9396,156.0742,0,U,32956,999,72347,0.00033015,5.6e-07,0,India
FENGYUN 3A,2008-026A,2024-05-03 11:19:47.538336+00:00,14.19071637,0.0008264,98.601,72.8924,194.4872,165.6069,0,U,32958,999,82561,0.00012026,2.09e-06,0,Germany
CHINASAT 9 (ZX 9),2008-028A,2024-05-02 13:52:12.486720+00:00,1.00271677,0.0004592,0.0151,231.8364,184.6337,104.7685,0,U,33051,999,5826,0,-2.49e-06,0,Russia
FGRST (GLAST),2008-029A,2024-05-03 05:36:10.211328+00:00,15.16418832,0.0010148,25.5814,157.9638,226.1054,133.8645,0,U,33053,999,87796,0.00016654,3.642e-05,0,USA
SKYNET 5C,2008-030A,2024-05-03 10:04:57.254304+00:00,1.00277575,0.0003931,1.7922,85.7561,319.494,310.0257,0,U,33055,999,5813,0,-1.39e-06,0,Germany
TURKSAT 3A,2008-030B,2024-05-02 21:39:34.771392+00:00,1.00274342,0.0005187,0.0508,95.9488,330.326,161.9312,0,U,33056,999,5830,0,1.44e-06,0,China
INTELSAT 25 (IS-25),2008-034A,2024-05-02 20:16:05.683008+00:00,1.00272847,0.0003093,0.7016,89.6062,317.5312,86.6238,0,U,33153,999,5786,0,-2.25e-06,0,Russia
BADR-6,2008-034B,2024-05-03 12:00:40.207968+00:00,1.00268475,0.0010077,0.8443,87.0075,338.2518,3.0249,0,U,33154,999,5798,0,1.43e-06,0,Canada
ECHOSTAR 11,2008-035A,2024-05-03 05:36:49.417920+00:00,1.00269855,0.0002632,0.015,273.2414,131.2313,151.3504,0,U,33207,999,5788,0,-5.9e-07,0,Japan
SUPERBIRD-C2,2008-038A,2024-05-03 13:13:59.061792+00:00,1.00271617,9.65e-05,0.3547,91.2828,284.1986,188.898,0,U,33274,999,5761,0,-2.53e-06,0,UK
AMC-21,2008-038B,2024-05-03 12:06:03.756960+00:00,1.00271009,0.0002881,0.9414,90.5346,319.6549,228.3053,0,U,33275,999,5769,0,3.5e-07,0,USA
INMARSAT 4-F3,2008-039A,2024-05-03 05:46:31.876608+00:00,1.00270767,0.0002688,3.6792,27.0077,19.8774,163.3627,0,U,33278,999,5749,0,-1.41e-06,0,Italy
HUANJING 1A (HJ-1A),2008-041A,2024-05-03 12:53:12.843744+00:00,14.79692719,0.0021226,97.6327,133.7612,152.9704,207.2619,0,U,33320,999,84375,0.00026952,1.982e-05,0,Japan
HUANJING 1B (HJ-1B),2008-041B,2024-05-03 13:13:10.762464+00:00,14.80061079,0.003797,97.6286,138.3154,199.6506,160.3246,0,U,33321,999,84377,0.00017338,1.279e-05,0,Russia
GEOEYE 1,2008-042A,2024-05-03 11:47:55.142016+00:00,14.64504962,0.0005908,98.0792,197.5309,312.941,47.1297,0,U,33331,999,83677,0.00016103,8.06e-06,0,France
NIMIQ 4,2008-044A,2024-05-03 11:29:43.076256+00:00,1.00268504,0.0001972,0.0221,281.263,130.575,260.4379,0,U,33373,999,5707,0,-2.22e-06,0,UK
GALAXY 19 (G-19),2008-045A,2024-05-03 12:41:18.229344+00:00,1.00268485,0.0002707,0.0186,264.7015,144.3109,266.2241,0,U,33376,999,5707,0,-1.41e-06,0,India
THEOS,2008-049A,2024-05-03 11:49:29.848512+00:00,14.2005971,0.0001286,98.6597,191.315,93.1059,267.0265,0,U,33396,999,80803,6.9796e-05,1.05e-06,0,Canada
SHIJIAN-6 03A (SJ-6 03A),2008-053A,2024-05-02 21:32:51.746496+00:00,15.02751581,0.0016437,97.8772,124.2199,129.8139,230.4535,0,U,33408,999,84613,0.00043311,5.743e-05,0,Japan
SHIJIAN-6 03B (SJ-6 03B),2008-053B,2024-05-03 12:59:45.554208+00:00,14.98814913,0.0017749,97.8843,121.9272,106.075,254.2428,0,U,33409,999,84647,0.0002899,3.445e-05,0,USA
COSMO-SKYMED 3,2008-054A,2024-05-03 12:25:58.306080+00:00,14.97056939,0.001653,97.8802,320.8999,7.8071,352.3405,0,U,33412,999,84060,0.0003072,3.489e-05,0,India
SHIYAN 3 (SY-3),2008-056A,2024-05-03 12:41:31.364736+00:00,14.30253853,0.0012543,98.6696,144.9402,248.1324,111.8525,0,U,33433,999,80843,0.00011078,2.43e-06,0,Italy
CHUANGXIN 1-02 (CX-1-02),2008-056B,2024-05-03 12:35:51.358272+00:00,14.29785524,0.0013171,98.6763,144.7573,251.7885,108.1863,0,U,33434,999,80828,6.9817e-05,1.35e-06,0,Japan
ASTRA 1M,2008-057A,2024-05-03 11:58:32.388672+00:00,1.00271605,0.0003659,0.0783,86.3978,354.0133,340.3021,0,U,33436,999,5671,0,1.18e-06,0,Italy
YAOGAN-4,2008-061A,2024-05-03 12:41:27.019680+00:00,14.79572458,0.0016666,97.8779,57.2675,73.3794,286.9246,0,U,33446,999,83095,0.00024828,1.812e-05,0,Italy
EUTELSAT HOTBIRD 13C,2008-065A,2024-05-03 10:06:27.479232+00:00,1.00270801,0.0004693,0.9486,87.4798,316.4494,316.9952,0,U,33459,999,5647,0,-1.02e-06,0,Japan
FENGYUN 2E,2008-066A,2024-05-02 18:41:28.744224+00:00,0.9911774,0.0002385,7.4817,60.9246,24.5629,297.6308,0,U,33463,999,5631,0,6.7e-07,0,India
GOSAT (IBUKI),2009-002A,2024-05-02 13:45:40.582368+00:00,14.67569441,0.0001192,98.0326,235.9381,91.5838,268.5504,0,U,33492,999,81770,0.00021679,1.183e-05,0,India
STARS (KUKAI),2009-002G,2024-05-03 00:49:17.959296+00:00,14.84970581,0.0009667,98.1212,37.382,184.3638,175.7494,0,U,33498,999,82339,0.00049346,4.153e-05,0,UK
KKS-1 (KISEKI),2009-002H,2024-05-03 05:12:45.387936+00:00,14.78527886,0.000707,98.143,25.34,277.8289,82.2119,0,U,33499,999,82190,0.00027928,1.987e-05,0,Japan
NOAA 19,2009-005A,2024-05-03 13:10:44.485536+00:00,14.12987354,0.0014671,99.0505,179.8696,61.118,299.1462,0,U,33591,999,78532,0.00015485,2.43e-06,0,France
EXPRESS-AM44,2009-007A,2024-05-03 10:06:57.554208+00:00,1.00271,0.000389,1.462,87.721,316.2554,318.5808,0,U,33595,999,5577,0,-9e-07,0,Japan
NSS-9,2009-008A,2024-05-03 14:06:54.923616+00:00,1.00270927,0.0002116,0.0451,67.9699,332.5101,216.2759,0,U,33749,999,5579,0,6.9e-07,0,Italy
EUTELSAT 33E,2009-008B,2024-05-02 13:05:28.601088+00:00,1.00270008,0.0004328,0.6662,88.9538,324.3897,268.5848,0,U,33750,999,5566,0,-1.49e-06,0,India
SPIRALE A,2009-008C,2024-05-03 12:58:59.882304+00:00,4.59546162,0.5537811,2.0814,319.1749,117.595,308.1951,0,U,33751,999,22625,0.0011925,9.75e-06,0,Japan
SPIRALE B,2009-008D,2024-05-02 07:10:17.558112+00:00,2.92722496,0.6785001,1.8996,92.6153,188.9388,146.203,0,U,33752,999,14475,0.0010161,4.71e-05,0,China
TELSTAR 11N,2009-009A,2024-05-03 03:07:04.903968+00:00,1.00267215,0.0002194,0.0159,256.7582,136.5068,197.4695,0,U,34111,999,5564,0,-2.53e-06,0,Canada
NAVSTAR 63 (USA 203),2009-014A,2024-05-02 09:09:08.120736+00:00,2.00555503,0.0132359,54.6986,241.7938,58.5803,27.9811,0,U,34661,999,11072,0,-1.9e-07,0,India
WGS F2 (USA 204),2009-017A,2024-05-03 03:34:16.474656+00:00,1.0026936,3.47e-05,0.0164,253.3779,254.8947,184.3411,0,U,34713,999,5516,0,6.6e-07,0,USA
YAOGAN-6,2009-021A,2024-05-03 11:38:40.480800+00:00,15.46099304,0.0017086,97.168,92.3922,351.433,8.6626,0,U,34839,999,83654,0.00036443,0.00017864,0,Germany
SES-7 (PROTOSTAR 2),2009-027A,2024-05-03 05:40:27.683328+00:00,1.0027673,0.0001097,0.0683,81.3945,250.3846,83.2214,0,U,34941,999,5484,0,-3.48e-06,0,Russia
MEASAT-3A,2009-032A,2024-05-02 19:27:43.444800+00:00,1.00273068,0.0002817,0.0642,107.2509,298.9264,266.8868,0,U,35362,999,5445,0,-1.13e-06,0,India
GOES 14,2009-033A,2024-05-02 13:49:00.626016+00:00,1.00270024,0.0003604,0.2319,109.2414,321.9383,248.411,0,U,35491,999,5433,0,-6.6e-07,0,Italy
FM-5,2009-034A,2024-05-02 11:25:05.233728+00:00,1.00271051,9.74e-05,0.0177,277.6623,285.3688,102.968,0,U,35493,999,3886,0,-2.01e-06,0,USA
TERRESTAR-1,2009-035A,2024-05-02 13:46:49.518336+00:00,1.00271514,0.0002832,4.3444,47.2402,349.3602,280.0645,0,U,35496,999,5435,0,-5.6e-07,0,Germany
COSMOS 2451,2009-036A,2024-05-03 13:48:14.853024+00:00,12.40846137,0.0008153,82.4911,212.9738,96.0984,264.1024,0,U,35498,999,67163,-1.941e-05,7e-08,0,India
COSMOS 2453,2009-036C,2024-05-03 05:29:53.697408+00:00,12.41493904,0.0007833,82.4915,209.3011,60.7454,299.4407,0,U,35500,999,67193,2.7766e-05,1.4e-07,0,Japan
DEIMOS-1,2009-041A,2024-05-03 12:08:50.966880+00:00,14.73217145,0.0002207,97.6803,308.8286,131.3695,228.7704,0,U,35681,999,79273,0.00013924,8.52e-06,0,India
DUBAISAT-1,2009-041B,2024-05-03 07:55:34.035456+00:00,14.71382106,0.0011893,97.9,261.8813,42.7613,317.4517,0,U,35682,999,79104,0.00029324,1.768e-05,0,France
UK-DMC 2,2009-041C,2024-05-03 12:18:52.667712+00:00,14.73157231,0.0001202,97.7753,274.0182,102.1452,257.9891,0,U,35683,999,79243,0.00020566,1.278e-05,0,Russia
APRIZESAT 4,2009-041D,2024-05-03 02:28:58.879200+00:00,14.81255039,0.004428,98.2412,169.6699,309.4782,50.2517,0,U,35684,999,79655,0.00013573,1.016e-05,0,Canada
NANOSAT 1B,2009-041E,2024-05-03 04:43:58.097280+00:00,14.87693634,0.0054859,98.0953,212.1109,187.4026,172.6386,0,U,35685,999,79901,0.0003239,2.972e-05,0,Russia
APRIZESAT 3,2009-041F,2024-05-03 04:51:56.590848+00:00,14.9097427,0.0069417,98.1106,237.0443,100.7253,260.179,0,U,35686,999,80071,0.00030942,3.137e-05,0,India
ASIASAT 5,2009-042A,2024-05-03 00:20:24.967104+00:00,1.00268615,0.0001661,0.025,120.9342,275.655,290.3943,0,U,35696,999,5389,0,-3.09e-06,0,Germany
NAVSTAR 64 (USA 206),2009-043A,2024-05-02 20:15:48.765024+00:00,2.00571772,0.0055913,55.6379,58.0863,70.4017,299.9194,0,U,35752,999,10779,0,-4.1e-07,0,Italy
JCSAT-12 (JCSAT-RA),2009-044A,2024-05-02 19:19:49.763712+00:00,1.00270851,0.0001693,0.0938,91.4794,346.3255,205.3996,0,U,35755,999,5388,0,-3.3e-06,0,Italy
OPTUS D3,2009-044B,2024-05-03 03:41:42.564768+00:00,1.00272098,0.0004226,0.0578,57.3389,336.107,39.5179,0,U,35756,999,5386,0,-1.49e-06,0,USA
NIMIQ 5,2009-050A,2024-05-02 20:04:11.401248+00:00,1.0026915,0.0002759,0.0108,247.6788,158.8919,42.9947,0,U,35873,999,5357,0,-2.59e-06,0,Canada
OCEANSAT-2,2009-051A,2024-05-03 12:43:39.645408+00:00,13.99459975,0.0015578,98.2689,177.6212,262.2808,97.659,0,U,35931,999,77097,-7.9804e-05,-1.54e-06,0,UK
SWISSCUBE,2009-051B,2024-05-02 23:15:33.088608+00:00,14.58876289,0.0008639,98.4774,6.3705,96.3124,263.9058,0,U,35932,999,77600,0.00031325,1.419e-05,0,India
BEESAT-1,2009-051C,2024-05-03 10:42:24.218496+00:00,14.58637633,0.0006861,98.4699,7.8239,104.9734,255.2224,0,U,35933,999,77618,0.00029751,1.338e-05,0,Russia
ITUPSAT1,2009-051E,2024-05-03 05:21:03.952224+00:00,14.5760742,0.0009062,98.4797,7.4047,112.2302,247.9858,0,U,35935,999,77574,0.0002865,1.257e-05,0,Japan
AMAZONAS 2,2009-054A,2024-05-03 04:45:19.260576+00:00,1.00270359,0.0004219,0.0592,101.5512,338.3616,152.0262,0,U,35942,999,5340,0,-2.85e-06,0,Italy
COMSATBW-1,2009-054B,2024-05-03 12:11:11.783328+00:00,1.00272382,0.0002865,0.0502,88.461,318.9964,60.2445,0,U,35943,999,5349,0,2.2e-07,0,India
WORLDVIEW-2 (WV-2),2009-055A,2024-05-03 11:45:40.968000+00:00,14.36771341,0.0004388,98.4309,198.1836,25.4583,334.6819,0,U,35946,999,76447,9.6744e-05,2.42e-06,0,China
DMSP 5D-3 F18 (USA 210),2009-057A,2024-05-03 13:07:13.792224+00:00,14.14088157,0.0010064,98.8115,100.5049,297.5464,62.4686,0,U,35951,999,75005,0.00022437,3.83e-06,0,USA
NSS-12,2009-058A,2024-05-03 03:34:08.956128+00:00,1.0027157,0.0003775,0.0398,65.4012,351.8052,274.8509,0,U,36032,999,5314,0,6.9e-07,0,Canada
THOR 6,2009-058B,2024-05-02 20:24:51.996384+00:00,1.00271729,0.0001879,0.0162,207.9951,210.4647,108.1604,0,U,36033,999,5319,0,-1.2e-07,0,Germany
SMOS,2009-059A,2024-05-03 02:21:17.007264+00:00,14.39782238,0.0001141,98.4438,311.701,87.2721,272.8598,0,U,36036,999,76206,0.00017207,4.96e-06,0,Russia
PROBA-2,2009-059B,2024-05-02 18:56:16.050624+00:00,14.53891663,0.0014009,98.2314,307.9934,150.2244,209.9753,0,U,36037,999,76890,0.00010102,3.8e-06,0,China
SJ-11-01,2009-061A,2024-05-03 12:36:48.331296+00:00,14.61806419,0.0010212,97.9393,120.9672,310.484,163.8431,0,U,36088,999,77131,0.00018068,8.58e-06,0,Canada
COSMOS 2455,2009-063A,2024-05-03 13:48:06.156864+00:00,13.96898011,0.0008061,67.1486,336.5611,290.7436,69.2785,0,U,36095,999,73712,6.5541e-05,1.6e-07,0,Germany
INTELSAT 14 (IS-14),2009-064A,2024-05-03 09:57:11.090880+00:00,1.00273584,0.00025,0.008,303.8511,101.7632,280.4848,0,U,36097,999,5292,0,-2.76e-06,0,UK
EUTELSAT 36B,2009-065A,2024-05-02 06:50:46.922784+00:00,1.00271532,0.0005824,0.0716,9.8888,36.5376,312.8387,0,U,36101,999,5293,0,1.54e-06,0,France
INTELSAT 15 (IS-15),2009-067A,2024-05-02 13:19:21.827136+00:00,1.00269437,0.0002387,0.0164,267.3227,143.2777,95.3356,0,U,36106,999,3345,0,-1.86e-06,0,Germany
WGS F3 (USA 211),2009-068A,2024-05-03 08:14:49.052256+00:00,1.00270264,3.3e-06,0.015,226.7688,124.279,311.5825,0,U,36108,999,5273,0,-2.7e-06,0,Canada
YAOGAN-7,2009-069A,2024-05-03 13:00:45.513216+00:00,14.76145078,0.0025855,98.1118,0.2216,14.6892,345.5062,0,U,36110,999,77530,0.00011553,7.49e-06,0,Germany
COSMOS 2456 [GLONASS-M],2009-070A,2024-05-02 20:55:51.168000+00:00,2.13098991,0.0006196,64.5942,97.5112,307.8088,231.1156,0,U,36111,999,11194,0,6.9e-07,0,Canada
COSMOS 2457 [GLONASS-M],2009-070B,2024-05-02 03:31:42.376800+00:00,2.13101166,0.0002808,64.5783,97.3959,197.4766,277.8672,0,U,36112,999,11189,0,7.3e-07,0,Germany
WISE,2009-071A,2024-05-03 02:20:23.513568+00:00,15.5962074,9.18e-05,97.152,160.2294,124.4307,235.7037,0,U,36119,999,80122,0.00055348,0.00044126,0,Germany
YAOGAN-8,2009-072A,2024-05-02 14:27:41.569344+00:00,13.0502403,0.0020393,100.2877,35.2224,268.3214,91.5557,0,U,36121,999,68750,0.00082587,2.25e-06,0,Russia
XIWANG-1 (HOPE-1),2009-072B,2024-05-02 21:22:05.871072+00:00,13.16399858,0.000716,100.2908,83.36,202.713,157.3667,0,U,36122,999,69109,6.5766e-05,-1.9e-07,0,Italy
DIRECTV 12,2009-075A,2024-05-02 14:50:24.849024+00:00,1.00271822,6.16e-05,0.025,117.5274,235.9511,347.4323,0,U,36131,999,5261,0,-1.05e-06,0,UK
BEIDOU-2 G1,2010-001A,2024-05-02 12:55:43.419936+00:00,1.00271164,0.0004634,2.5161,57.4995,310.9371,186.8922,0,U,36287,999,5239,0,-2.8e-06,0,Russia
RADUGA-1M 2,2010-002A,2024-05-03 03:42:02.638080+00:00,1.00272957,0.0002034,1.6056,88.9801,295.9422,337.1955,0,U,36358,999,5224,0,-1.85e-06,0,France
SDO,2010-005A,2024-05-02 11:07:06.966048+00:00,1.00272635,0.0001641,33.0322,98.3,228.0319,319.6588,0,U,36395,999,5228,0,-4.5e-07,0,UK
INTELSAT 16 (IS-16),2010-006A,2024-05-02 20:03:11.252160+00:00,1.00273272,0.0001999,0.0152,286.0913,133.8086,25.9245,0,U,36397,999,5194,0,-2.47e-06,0,India
COSMOS 2460 [GLONASS-M],2010-007C,2024-05-03 04:21:42.804288+00:00,2.13106141,0.0002447,65.8075,340.5589,51.3587,129.1294,0,U,36402,999,11030,0,-3.2e-07,0,Russia
EWS-G2 (GOES 15),2010-008A,2024-05-02 14:24:42.972768+00:00,1.00275317,0.0001199,0.1795,90.6719,186.5849,221.365,0,U,36411,999,5186,0,3.5e-07,0,Japan
YAOGAN-9 01A,2010-009A,2024-05-02 14:49:22.760256+00:00,13.45382603,0.0471279,63.3743,203.0637,16.1267,345.419,0,U,36413,999,69561,5.1704e-05,-3.1e-07,0,UK
YAOGAN-9 01B,2010-009B,2024-05-02 14:28:22.548864+00:00,13.45396409,0.0471802,63.3756,202.7099,15.383,346.0988,0,U,36414,999,69538,4.9952e-05,-3.3e-07,0,Japan
YAOGAN-9 01C,2010-009C,2024-05-02 14:25:38.398368+00:00,13.45393161,0.0472602,63.3752,203.2826,15.6906,345.8206,0,U,36415,999,69554,4.3289e-05,-4.1e-07,0,India
ECHOSTAR 14,2010-010A,2024-05-02 21:34:30.141408+00:00,1.00268961,0.0001901,0.016,264.5022,134.1242,27.4002,0,U,36499,999,5176,0,-1e-08,0,Russia
CRYOSAT 2,2010-013A,2024-05-03 13:24:12.539808+00:00,14.51900531,0.0005267,92.031,90.1866,81.5199,278.6605,0,U,36508,999,74572,7.0743e-05,2.88e-06,0,Italy
SES-1,2010-016A,2024-05-03 11:58:00.598656+00:00,1.0026996,0.0002971,0.0387,60.5223,349.0707,250.7937,0,U,36516,999,5137,0,-1.17e-06,0,Germany
COSMOS 2463,2010-017A,2024-05-03 12:00:08.595936+00:00,13.71554109,0.0037451,82.9574,98.8848,118.4556,3.157,0,U,36519,999,70182,4.6844e-05,5.8e-07,0,USA
ASTRA 3B,2010-021A,2024-05-03 03:24:30.012192+00:00,1.00274251,0.0003974,0.0715,66.7168,347.5938,241.8202,0,U,36581,999,5087,0,1.35e-06,0,Japan
COMSATBW-2,2010-021B,2024-05-03 01:38:29.148288+00:00,1.00269889,0.0002374,0.0577,84.4569,328.5049,206.284,0,U,36582,999,5121,0,8.6e-07,0,France
NAVSTAR 65 (USA 213),2010-022A,2024-05-01 16:27:41.637312+00:00,2.00574377,0.0115659,54.4634,239.8772,61.8697,314.6444,0,U,36585,999,10202,0,-1.2e-07,0,Italy
BEIDOU-2 G3,2010-024A,2024-05-03 01:57:31.999104+00:00,1.00269167,0.0009816,2.7065,60.5672,343.1014,286.7623,0,U,36590,999,5100,0,-1.35e-06,0,Germany
BADR-5,2010-025A,2024-05-02 11:57:02.517120+00:00,1.00274523,0.0003636,0.0289,156.6084,295.7109,333.8493,0,U,36592,999,4543,0,1.43e-06,0,Germany
SJ-12,2010-027A,2024-05-03 12:19:58.545120+00:00,15.04145244,0.0006922,97.7606,119.1307,209.8644,150.2187,0,U,36596,999,75791,0.00036761,5.039e-05,0,Russia
TANDEM-X,2010-030A,2024-05-02 11:03:57.090816+00:00,15.19155992,0.000187,97.4457,131.2616,96.1655,263.9792,0,U,36605,999,76887,8.5019e-05,1.719e-05,0,Germany
COMS 1,2010-032A,2024-05-02 19:31:23.331936+00:00,1.00269827,9.15e-05,2.8137,85.0068,340.4254,216.7511,0,U,36744,999,5087,0,-3.44e-06,0,Russia
ARABSAT-5A,2010-032B,2024-05-03 03:26:30.312096+00:00,1.00271538,0.000506,0.071,62.2821,357.5859,243.782,0,U,36745,999,5085,0,1.51e-06,0,Japan
ECHOSTAR 15,2010-034A,2024-05-03 03:00:11.373696+00:00,1.00273206,0.0002381,0.0036,60.1482,316.7313,188.0293,0,U,36792,999,5062,0,-2.84e-06,0,Russia
CARTOSAT-2B,2010-035A,2024-05-03 11:36:05.830848+00:00,14.78687844,0.0012803,97.8633,183.58,178.245,181.8808,0,U,36795,999,74544,0.00017313,1.22e-05,0,Italy
AISSAT 1,2010-035C,2024-05-03 04:20:40.754400+00:00,14.90811816,0.0011715,98.1929,344.0526,93.4766,266.7791,0,U,36797,999,74859,0.0002828,2.725e-05,0,China
ALSAT 2A,2010-035D,2024-05-03 12:17:35.772576+00:00,14.71919703,0.0001526,97.7877,148.7629,107.8081,252.3294,0,U,36798,999,73973,0.00021018,1.27e-05,0,France
TISAT 1,2010-035E,2024-05-03 10:42:32.486976+00:00,15.01501252,0.0005883,98.0917,11.9639,27.1326,333.0204,0,U,36799,999,75054,0.00073497,9.451e-05,0,China
BEIDOU-2 IGSO-1,2010-036A,2024-04-16 02:20:43.927296+00:00,1.00245293,0.0040088,54.2443,170.1322,199.897,333.3797,0,U,36828,999,5026,0,-1.14e-06,0,China
NILESAT 201,2010-037A,2024-05-03 03:15:51.217344+00:00,1.00272097,0.0003851,0.0456,99.9583,331.987,191.57,0,U,36830,999,5051,0,-5.9e-07,0,France
RASCOM-QAF 1R,2010-037B,2024-05-03 08:27:51.003360+00:00,1.00271612,0.0005688,0.0482,98.4808,302.1434,310.9719,0,U,36831,999,5052,0,1.6e-07,0,USA
YAOGAN-10,2010-038A,2024-05-03 12:52:15.901824+00:00,14.82700582,0.0001755,97.9511,141.923,93.1891,58.0117,0,U,36834,999,74238,0.00013134,1.006e-05,0,Italy
AEHF-1 (USA 214),2010-039A,2024-05-02 15:16:57.766080+00:00,1.00274102,0.0003404,6.2661,77.8929,13.4419,2.9691,0,U,36868,999,5066,0,2.7e-07,0,UK
TIANHUI 1,2010-040A,2024-05-03 10:35:35.106720+00:00,15.44772883,0.0020395,97.5754,12.6711,33.7892,326.4651,0,U,36985,999,76225,0.00046973,0.00022086,0,Germany
COSMOS 2467,2010-043A,2024-05-03 10:00:59.287104+00:00,12.4294485,0.0002173,82.4594,189.6544,78.729,292.2489,0,U,37152,999,61930,1.4224e-05,1.2e-07,0,Japan
STRELA 3,2010-043B,2024-05-02 14:45:10.099008+00:00,12.40766081,0.000661,82.4607,201.5143,335.3125,24.7636,0,U,37153,999,61818,3.0689e-05,1.4e-07,0,Japan
COSMOS 2468,2010-043C,2024-05-02 17:00:32.799744+00:00,12.43707467,0.0014448,82.4632,187.7685,193.8777,291.9802,0,U,37154,999,61954,8.6345e-05,2.2e-07,0,Japan
YAOGAN-11,2010-047A,2024-05-03 05:08:33.883584+00:00,14.7886134,0.0036445,98.4336,300.8202,203.1761,156.7807,0,U,37165,999,73340,0.00025007,1.802e-05,0,China
ZHEDA PIXING 1B,2010-047B,2024-05-03 12:11:29.957568+00:00,14.85139917,0.002048,97.8519,93.745,312.7547,47.1944,0,U,37166,999,73551,0.00031292,2.633e-05,0,USA
ZHEDA PIXING 1C,2010-047C,2024-05-03 12:33:08.291232+00:00,14.84976239,0.0020171,97.8843,94.3768,316.6325,43.3302,0,U,37167,999,73546,0.00033568,2.817e-05,0,UK
SBSS (USA 216),2010-048A,2024-05-03 13:26:07.162368+00:00,15.06415934,0.0097829,97.8437,343.9325,334.6719,79.3965,0,U,37168,999,73549,0.00024625,3.971e-05,0,UK
SHIJIAN-6 04A (SJ-6 04A),2010-051A,2024-05-03 12:48:00.519840+00:00,15.02638867,0.0025077,97.8338,117.4791,351.8504,8.231,0,U,37179,999,74007,0.00054419,7.24e-05,0,Russia
SHIJIAN-6 04B (SJ-6 04B),2010-051B,2024-05-03 13:07:32.449440+00:00,14.95970427,0.0011997,97.8367,113.9291,26.7417,333.442,0,U,37180,999,73973,0.00010527,1.122e-05,0,USA
XM-5,2010-053A,2024-05-03 05:32:30.587712+00:00,1.00272226,1.64e-05,0.0173,275.2591,285.2139,349.0655,0,U,37185,999,4967,0,-2.5e-07,0,Japan
GLOBALSTAR M079,2010-054A,2024-05-03 11:15:32.932224+00:00,12.62269192,0.0001041,52.0041,307.0339,105.3594,271.503,0,U,37188,999,62539,0.00014251,-7.8e-07,0,China
GLOBALSTAR M074,2010-054B,2024-05-02 18:46:29.980416+00:00,12.62267943,7.77e-05,52.0019,308.5117,102.1237,271.4134,0,U,37189,999,62530,0.00012339,-8.2e-07,0,Canada
GLOBALSTAR M076,2010-054C,2024-05-03 10:34:51.614688+00:00,12.6227808,9.8e-05,52.0031,306.6386,132.6288,236.424,0,U,37190,999,62539,0.00029721,-5.1e-07,0,Germany
GLOBALSTAR M077,2010-054D,2024-05-02 13:43:58.958688+00:00,12.62272309,6.53e-05,52.0067,266.022,121.752,316.7327,0,U,37191,999,62529,0.00010926,-8.4e-07,0,Russia
GLOBALSTAR M075,2010-054E,2024-05-03 09:51:49.254336+00:00,12.62273432,9.24e-05,51.9964,349.216,88.4834,83.8882,0,U,37192,999,62462,0.0001487,-7.7e-07,0,Canada
GLOBALSTAR M073,2010-054F,2024-05-03 02:15:43.280352+00:00,12.6226461,7.7e-05,52.0056,263.6858,124.9956,46.9604,0,U,37193,999,62609,7.5582e-05,-9e-07,0,France
BSAT-3B,2010-056B,2024-05-02 23:03:43.410240+00:00,1.00272143,0.0003276,0.0396,18.0985,329.7764,329.2588,0,U,37207,999,4950,0,-3.52e-06,0,USA
BEIDOU-2 G4,2010-057A,2024-05-03 13:33:58.986720+00:00,1.00271787,0.0003202,1.7392,68.1183,196.504,320.8917,0,U,37210,999,4951,0,-1.12e-06,0,Canada
FENGYUN 3B,2010-059A,2024-05-03 14:00:54.869760+00:00,14.14481196,0.0021554,99.0587,152.047,216.47,257.1129,0,U,37214,999,69794,7.9477e-05,1.07e-06,0,France
COSMO-SKYMED 4,2010-060A,2024-05-03 10:08:55.379616+00:00,14.82159456,0.0001427,97.8869,308.2266,88.6434,271.4943,0,U,37216,999,72986,0.00011276,8.46e-06,0,UK
SKYTERRA 1,2010-061A,2024-05-03 05:43:13.020960+00:00,1.00270492,0.0003219,3.5329,47.7789,349.4072,168.949,0,U,37218,999,4945,0,-1.18e-06,0,India
O/OREOS (USA 219),2010-062C,2024-05-03 03:15:10.922976+00:00,14.86924662,0.0014091,71.9742,28.023,103.4838,256.79,0,U,37224,999,113,0.00033515,2.944e-05,0,Russia
HYLAS 1,2010-065A,2024-05-02 20:48:03.350016+00:00,1.00272709,0.0001257,3.6613,82.4062,306.4979,261.5712,0,U,37237,999,4923,0,-3.62e-06,0,USA
INTELSAT 17 (IS-17),2010-065B,2024-05-02 13:57:36.559296+00:00,1.00271396,0.000263,0.0119,264.868,143.0067,88.5043,0,U,37238,999,4546,0,-3e-08,0,Canada
BEIDOU-2 IGSO-2,2010-068A,2024-05-03 08:57:40.465728+00:00,1.00263918,0.0033654,48.9638,281.3633,208.7074,333.8072,0,U,37256,999,4901,0,-2.12e-06,0,Japan
EUTELSAT KA-SAT 9A,2010-069A,2024-05-03 03:20:21.892992+00:00,1.00269964,0.0002488,0.0609,290.1843,188.4208,162.0249,0,U,37258,999,4904,0,5.9e-07,0,UK
HISPASAT 30W-5,2010-070A,2024-05-03 10:01:26.728608+00:00,1.00271975,0.0005192,0.0484,92.7025,336.7142,272.7607,0,U,37264,999,4889,0,-2.18e-06,0,China
KOREASAT 6,2010-070B,2024-05-02 20:47:55.359744+00:00,1.00267969,0.0001368,0.01,234.6494,205.097,209.4817,0,U,37265,999,4891,0,-3.64e-06,0,France
BEIDOU-2 IGSO-3,2011-013A,2024-05-02 20:02:00.684960+00:00,1.00269551,0.0025799,61.2897,47.5492,178.6451,44.183,0,U,37384,999,4789,0,-2e-06,0,Germany
RESOURCESAT-2,2011-015A,2024-05-03 11:19:12.494496+00:00,14.21687932,0.0003346,98.5791,191.4722,235.1495,124.9368,0,U,37387,999,67663,0.00011742,2.15e-06,0,China
YOUTHSAT,2011-015B,2024-05-03 13:56:15.431424+00:00,14.24859555,0.0016014,98.3,126.588,96.9906,14.0461,0,U,37388,999,67782,0.0001567,3.26e-06,0,Canada
X-SAT,2011-015C,2024-05-03 12:45:08.088768+00:00,14.24677303,0.0015464,98.2944,130.974,97.8188,262.4748,0,U,37389,999,67787,9.443e-05,1.79e-06,0,China
INTELSAT NEW DAWN,2011-016A,2024-05-02 19:53:42.561312+00:00,1.00272931,0.0001478,0.0122,256.909,170.2624,125.2747,0,U,37392,999,4774,0,1.54e-06,0,Germany
YAHSAT 1A,2011-016B,2024-05-02 14:24:42.972768+00:00,1.00270553,0.0002577,0.0184,260.9017,164.864,63.9025,0,U,37393,999,4778,0,1e-06,0,France
SBIRS GEO-1 (USA 230),2011-019A,2024-05-03 03:36:39.331008+00:00,1.0027218,0.0002042,2.9114,47.8398,347.5452,306.0166,0,U,37481,999,4757,0,-5e-08,0,Russia
TELSTAR 14R,2011-021A,2024-05-03 02:59:48.817248+00:00,1.00271287,0.0003101,0.0084,79.3381,314.675,169.4557,0,U,37602,999,4801,0,-2.82e-06,0,Japan
GSAT-8,2011-022A,2024-05-03 12:08:56.444640+00:00,1.00270838,0.0004688,0.1224,91.1732,213.9201,154.1084,0,U,37605,999,4747,0,8.3e-07,0,Italy
ST-2,2011-022B,2024-05-03 12:18:20.349792+00:00,1.00273079,0.0001669,0.0137,264.3804,141.2573,88.8472,0,U,37606,999,4748,0,-2.14e-06,0,UK
CHINASAT 10 (ZX 10),2011-026A,2024-05-02 20:44:38.710752+00:00,1.00274665,0.0001863,0.046,279.8344,214.5183,148.5468,0,U,37677,999,4719,0,-3.54e-06,0,UK
SJ-11-03,2011-030A,2024-05-03 13:44:57.554304+00:00,14.62197874,0.0007774,97.8392,111.3748,333.1034,140.9145,0,U,37730,999,68387,0.00020147,9.71e-06,0,India
GLOBALSTAR M083,2011-033A,2024-05-03 13:36:51.605280+00:00,12.62269686,5.13e-05,51.9847,211.5368,101.4833,1.9043,0,U,37739,999,59548,4.7474e-05,-9.5e-07,0,China
GLOBALSTAR M088,2011-033B,2024-05-03 09:24:51.684768+00:00,12.62267813,4.74e-05,51.9708,117.9032,62.2654,86.0089,0,U,37740,999,59093,0.00011623,-8.3e-07,0,Russia
GLOBALSTAR M091,2011-033C,2024-05-03 03:19:07.341888+00:00,12.622621,7.86e-05,51.9996,81.498,56.8121,316.2375,0,U,37741,999,59166,7.8181e-05,-9e-07,0,India
GLOBALSTAR M085,2011-033D,2024-05-03 05:44:10.455360+00:00,12.62270284,9.55e-05,51.9891,32.5939,69.0352,102.1892,0,U,37742,999,59241,0.00010096,-8.6e-07,0,Germany
GLOBALSTAR M081,2011-033E,2024-05-03 04:20:27.360672+00:00,12.62271256,9.8e-05,51.9979,35.3047,79.9322,66.8568,0,U,37743,999,59244,4.3529e-05,-9.6e-07,0,China
GLOBALSTAR M089,2011-033F,2024-05-03 14:07:07.538880+00:00,12.62263031,7.56e-05,51.9946,348.3733,114.3961,263.3747,0,U,37744,999,59321,0.00019284,-6.9e-07,0,France
SES-3,2011-035A,2024-05-03 12:42:07.103232+00:00,1.00270606,0.0002868,0.0333,68.7079,333.5204,267.217,0,U,37748,999,4692,0,-1.04e-06,0,Germany
KAZSAT-2,2011-035B,2024-05-03 12:17:57.795072+00:00,1.00272634,0.0001173,0.0393,274.8216,207.9465,10.1327,0,U,37749,999,4680,0,-2e-06,0,China
BEIDOU-2 IGSO-4,2011-038A,2024-05-02 14:25:58.243584+00:00,1.00268316,0.0124199,54.552,172.579,228.4643,132.4932,0,U,37763,999,4686,0,-7e-08,0,UK
SJ-11-02,2011-039A,2024-05-03 13:02:25.321632+00:00,14.62756364,0.001121,98.3659,357.023,159.0752,263.2308,0,U,37765,999,68072,0.00013798,6.54e-06,0,India
ASTRA 1N,2011-041A,2024-05-02 13:44:42.603648+00:00,1.0027214,0.0005936,0.0913,58.0361,345.9679,42.3481,0,U,37775,999,4662,0,1.18e-06,0,Japan
BSAT-3C (JCSAT-110R),2011-041B,2024-05-03 14:01:02.366688+00:00,1.00266557,3.22e-05,0.0259,13.9021,149.9149,18.3361,0,U,37776,999,4675,0,-3.52e-06,0,Russia
PAKSAT-1R,2011-042A,2024-05-03 12:04:03.214272+00:00,1.00267394,0.0004256,0.0336,67.2859,347.0351,26.5126,0,U,37779,999,4651,0,1.52e-06,0,Japan
HAIYANG-2A,2011-043A,2024-05-03 13:36:39.384864+00:00,13.78778121,0.000103,99.3266,128.7872,131.3832,228.7408,0,U,37781,999,64018,6.1471e-05,1.9e-07,0,India
NIGERIASAT-2,2011-044B,2024-05-03 12:44:10.411584+00:00,14.69000269,0.0032396,97.8061,121.201,80.4279,33.2562,0,U,37789,999,67828,0.00010743,5.87e-06,0,Russia
NIGERIASAT-X,2011-044C,2024-05-03 01:03:10.478592+00:00,14.59518002,0.0011104,97.8258,139.5167,255.3141,104.6829,0,U,37790,999,67723,0.00010242,4.44e-06,0,UK
RASAT,2011-044D,2024-05-03 13:16:40.082880+00:00,14.66238323,0.0022529,98.0759,216.742,123.5064,293.2041,0,U,37791,999,67960,0.00017191,9.02e-06,0,Italy
APRIZESAT 5,2011-044E,2024-05-03 10:33:39.857760+00:00,14.77666478,0.0055047,98.2468,27.2767,334.3219,25.5259,0,U,37792,999,68436,0.00022482,1.592e-05,0,France
APRIZESAT 6,2011-044F,2024-05-02 15:54:56.615328+00:00,14.74295967,0.0046268,98.3083,5.9335,42.9075,15.4058,0,U,37793,999,68291,0.00018401,1.183e-05,0,France
SES-2,2011-049A,2024-05-02 20:00:10.802304+00:00,1.0027167,0.0002552,0.0297,32.8368,11.9542,29.4905,0,U,37809,999,4622,0,-1.98e-06,0,Russia
ARABSAT-5C,2011-049B,2024-05-02 21:14:14.794080+00:00,1.00270114,0.0002395,0.0538,3.5577,98.9505,97.3274,0,U,37810,999,4613,0,1.21e-06,0,India
EUTELSAT 7 WEST A,2011-051A,2024-05-03 03:15:43.698816+00:00,1.0027075,0.0002174,0.0719,28.1209,75.21,159.8376,0,U,37816,999,4619,0,-6.2e-07,0,China
TACSAT 4,2011-052A,2024-05-02 19:27:45.265248+00:00,6.07493497,0.4683581,62.8351,287.6664,259.1921,46.5873,0,U,37818,999,27740,0.0011428,3.312e-05,0,Japan
QUETZSAT 1,2011-054A,2024-05-02 20:03:03.733632+00:00,1.00271818,0.0002766,0.0234,8.8624,45.6602,30.4792,0,U,37826,999,4632,0,-2.44e-06,0,Russia
INTELSAT 18 (IS-18),2011-056A,2024-05-02 15:15:39.697632+00:00,1.00269088,0.0001779,0.0153,257.7202,151.1327,221.1019,0,U,37834,999,4606,0,5.1e-07,0,India
EUTELSAT 16A,2011-057A,2024-05-03 03:22:22.192896+00:00,1.00269573,0.000528,0.0707,356.9592,48.3618,242.8014,0,U,37836,999,4601,0,1.01e-06,0,India
JUGNU,2011-058B,2024-05-03 00:18:33.290784+00:00,14.13186447,0.0018806,19.9614,336.0941,158.1554,358.8944,0,U,37839,999,64932,0.00016369,5.78e-06,0,UK
SRMSAT,2011-058D,2024-05-03 04:59:51.014976+00:00,14.11092606,0.0011641,19.972,68.82,320.5074,68.2565,0,U,37841,999,64842,0.0001506,5.4e-06,0,Russia
VIASAT-1,2011-059A,2024-05-02 10:10:42.861216+00:00,1.00271376,0.0002156,0.0069,209.7466,196.7404,211.8966,0,U,37843,999,3954,0,-2.5e-07,0,Russia
GSAT0101 (GALILEO-PFM),2011-060A,2024-04-30 14:57:41.890464+00:00,1.70475755,0.0004597,57.1269,2.8197,38.4572,321.6218,0,U,37846,999,7799,0,-7.8e-07,0,USA
GSAT0102 (GALILEO-FM2),2011-060B,2024-05-02 15:44:46.799808+00:00,1.70475186,0.0004348,57.1277,2.7646,3.2672,210.1045,0,U,37847,999,7802,0,-8.3e-07,0,France
SUOMI NPP,2011-061A,2024-05-03 11:55:28.888896+00:00,14.19558844,0.0001637,98.7199,63.1524,70.9388,289.1965,0,U,37849,999,64852,9.1617e-05,1.5e-06,0,Germany
M-CUBED & EXP-1 PRIME,2011-061F,2024-05-03 04:03:29.337984+00:00,15.66170497,0.0047249,101.6881,281.2057,119.7708,240.8248,0,U,37855,999,68643,0.0014999,0.00166471,0,France
COSMOS 2476 [GLONASS-M],2011-064A,2024-05-03 05:00:31.936608+00:00,2.13101565,0.0024027,64.869,99.1179,241.8331,106.7391,0,U,37867,999,9729,0,7.1e-07,0,China
COSMOS 2477 [GLONASS-M],2011-064B,2024-05-02 04:08:23.696736+00:00,2.13103031,0.0021285,64.8755,99.2252,243.4561,208.0062,0,U,37868,999,9722,0,7.7e-07,0,Italy
COSMOS 2475 [GLONASS-M],2011-064C,2024-05-02 04:14:40.873344+00:00,2.13101785,0.002655,64.8824,99.2395,256.8103,156.6017,0,U,37869,999,9723,0,7.7e-07,0,China
YAOGAN-12,2011-066B,2024-05-03 13:12:06.025536+00:00,15.23651973,0.0003546,97.2242,185.6638,117.0287,243.1313,0,U,37875,999,69462,0.00041645,9.922e-05,0,Germany
CHUANGXIN 1-03 (CX-1-03),2011-068A,2024-05-03 13:02:32.231040+00:00,14.30138429,0.0014168,98.7177,129.9188,223.2201,249.6106,0,U,37930,999,65229,7.8403e-05,1.58e-06,0,Italy
SHIYAN 4 (SY-4),2011-068B,2024-05-03 14:10:41.974176+00:00,14.30453815,0.0021943,98.7186,130.8782,256.8743,215.2672,0,U,37931,999,64999,0.00012175,2.73e-06,0,Germany
ASIASAT 7,2011-069A,2024-05-03 00:21:55.192032+00:00,1.00271239,0.0001264,0.0559,94.2233,288.4326,309.7582,0,U,37933,999,4568,0,-3.36e-06,0,India
YAOGAN-13,2011-072A,2024-05-03 13:11:44.220768+00:00,15.41234323,0.0004001,97.7177,105.6478,119.6647,240.4997,0,U,37941,999,68959,0.00050271,0.00020835,0,Germany
BEIDOU-2 IGSO-5,2011-073A,2024-05-01 21:44:10.093632+00:00,1.002615,0.0095775,49.098,281.0649,219.0468,140.3214,0,U,37948,999,4535,0,-1.45e-06,0,France
LUCH-5A,2011-074B,2024-05-02 17:46:43.330656+00:00,1.00274597,0.000337,6.768,85.6857,330.0245,239.1896,0,U,37951,999,4541,0,-4.3e-07,0,France
SSOT,2011-076E,2024-05-03 11:38:19.258368+00:00,14.82040228,0.0001294,97.9075,187.8499,92.1614,325.8973,0,U,38011,999,66964,0.00028109,2.18e-05,0,India
PLEIADES 1A,2011-076F,2024-05-03 11:23:50.254080+00:00,14.58519944,0.0001553,98.2047,199.5203,86.3692,328.9914,0,U,38012,999,65907,0.00013935,6.02e-06,0,France
NIGCOMSAT 1R,2011-077A,2024-05-02 21:41:09.555648+00:00,1.00270244,0.0004204,0.069,75.5802,285.633,227.8608,0,U,38014,999,4525,0,1.43e-06,0,France
ZIYUAN 1-02C (ZY 1-02C),2011-079A,2024-05-03 12:27:16.605216+00:00,14.36744625,0.0007881,98.4995,193.4625,100.8545,24.1315,0,U,38038,999,64795,0.00024146,6.69e-06,0,Italy
GLOBALSTAR M084,2011-080A,2024-05-02 13:41:44.221344+00:00,12.62261644,4.92e-05,51.9998,218.5383,155.5967,217.5159,0,U,38040,999,57109,6.505e-05,-9.2e-07,0,France
GLOBALSTAR M080,2011-080B,2024-05-03 13:46:47.366976+00:00,12.62272016,7.53e-05,52.0052,216.9481,164.9809,209.2555,0,U,38041,999,57120,4.1728e-05,-9.6e-07,0,UK
GLOBALSTAR M082,2011-080C,2024-05-02 23:08:26.807424+00:00,12.6226908,5.36e-05,52.0056,174.209,36.9387,23.8219,0,U,38042,999,57186,9.6211e-05,-8.7e-07,0,USA
GLOBALSTAR M092,2011-080D,2024-05-03 13:48:25.270272+00:00,12.62279743,4.75e-05,52.008,262.6999,125.4633,314.9701,0,U,38043,999,57043,0.00010819,-8.4e-07,0,Canada
GLOBALSTAR M090,2011-080E,2024-05-02 10:12:51.763968+00:00,12.62262702,3.58e-05,51.9865,170.1848,67.7177,305.3277,0,U,38044,999,57174,8.8378e-05,-8.8e-07,0,Germany
GLOBALSTAR M086,2011-080F,2024-05-03 02:04:20.721216+00:00,12.6227041,0.0001167,51.9876,168.692,129.6094,247.3902,0,U,38045,999,57187,9.7002e-05,-8.6e-07,0,Japan
ZIYUAN 3-1 (ZY 3-1),2012-001A,2024-05-03 12:57:01.767456+00:00,15.30328398,0.0003184,97.2501,187.4933,306.0334,54.0612,0,U,38046,999,68410,0.00043031,0.00012558,0,Germany
FENGYUN 2F,2012-002A,2024-05-02 20:44:48.012576+00:00,1.00281931,0.0002216,5.4825,73.5649,79.5803,131.2497,0,U,38049,999,4511,0,-3.56e-06,0,France
WGS F4 (USA 233),2012-003A,2024-05-03 08:52:24.678048+00:00,1.00265287,0.0001349,0.0137,249.2208,72.4277,121.6294,0,U,38070,999,4495,0,-2.16e-06,0,Japan
LARES,2012-006A,2024-05-03 10:13:43.428576+00:00,12.54931601,0.000709,69.489,175.61,40.8506,319.3051,0,U,38077,999,55996,4.2083e-05,-3.2e-07,0,Germany
SES-4,2012-007A,2024-05-02 20:18:43.577280+00:00,1.00271089,0.0002443,0.0233,57.3996,338.8712,107.6487,0,U,38087,999,4471,0,-1.7e-06,0,France
BEIDOU-2 G5,2012-008A,2024-05-02 20:41:49.066944+00:00,1.00268713,0.0008172,1.9663,70.46,268.1791,251.7642,0,U,38091,999,4470,0,5.7e-07,0,UK
MUOS-1,2012-009A,2024-05-02 13:59:21.003936+00:00,1.00272749,0.005895,3.9639,44.284,0.4024,286.1488,0,U,38093,999,4467,0,-1.27e-06,0,UK
INTELSAT 22 (IS-22),2012-011A,2024-05-02 13:44:42.603648+00:00,1.00271638,0.0001749,0.0147,282.597,124.2988,92.3401,0,U,38098,999,4403,0,-6e-07,0,Germany
APSTAR-7,2012-013A,2024-05-03 12:15:04.863744+00:00,1.00270059,0.0002475,0.0124,239.1555,180.862,62.1196,0,U,38107,999,4440,0,-1.03e-06,0,Canada
YAHSAT 1B,2012-016A,2024-05-02 14:24:42.972768+00:00,1.00270746,0.0002851,0.0282,83.774,339.2337,61.7679,0,U,38245,999,4414,0,1.25e-06,0,Canada
BEIDOU-2 M3,2012-018A,2024-05-02 19:53:08.670048+00:00,1.86231171,0.0020662,56.3678,330.8497,265.9717,93.8259,0,U,38250,999,8185,0,-5e-07,0,USA
BEIDOU-2 M4,2012-018B,2024-05-02 05:19:41.723616+00:00,1.86231919,0.0011627,56.276,330.1449,271.0741,88.8257,0,U,38251,999,8149,0,-4.7e-07,0,Canada
AEHF-2 (USA 235),2012-019A,2024-05-02 19:58:02.983872+00:00,1.00271053,0.0002158,4.8596,61.7685,294.3238,70.4536,0,U,38254,999,4390,0,-1.59e-06,0,China
TIANHUI 1-02,2012-020A,2024-05-03 12:37:34.169952+00:00,15.39212405,0.001226,97.5909,276.696,21.341,338.8343,0,U,38256,999,66739,0.00029845,0.0001155,0,Japan
YAOGAN-14,2012-021A,2024-05-03 13:29:05.231040+00:00,15.23353102,0.0003122,97.203,275.8635,159.9478,200.1882,0,U,38257,999,66800,0.00044361,0.0001048,0,India
JCSAT-13,2012-023A,2024-05-02 21:00:14.325120+00:00,1.00272624,0.0002533,0.0382,94.1367,323.7597,242.4376,0,U,38331,999,4379,0,-3.58e-06,0,India
VINASAT-2,2012-023B,2024-05-03 01:03:42.632352+00:00,1.00272519,0.0002497,0.0328,39.7549,20.8342,308.6302,0,U,38332,999,4384,0,-3.31e-06,0,Germany
GCOM-W1 (SHIZUKU),2012-025A,2024-05-02 19:42:03.042720+00:00,14.57066158,0.0001782,98.2006,64.5371,98.7419,315.337,0,U,38337,999,63611,0.000226,9.72e-06,0,France
ARIRANG-3 (KOMPSAT-3),2012-025B,2024-05-03 12:58:51.633696+00:00,14.62692791,0.0010883,98.2592,70.7793,26.5079,333.6676,0,U,38338,999,63821,0.00017928,8.65e-06,0,Russia
SDS-4,2012-025C,2024-05-03 12:17:09.011904+00:00,14.72695368,0.0005974,98.1695,204.774,247.4365,112.621,0,U,38339,999,64190,0.00021346,1.31e-05,0,Italy
NIMIQ 6,2012-026A,2024-05-03 05:51:55.238976+00:00,1.00270997,0.0002719,0.0047,30.4686,9.2363,178.8099,0,U,38342,999,4382,0,-1.76e-06,0,Russia
CHINASAT 2A (ZX 2A),2012-028A,2024-05-03 02:02:55.306176+00:00,1.00270256,0.0002518,0.0129,298.497,94.917,317.0527,0,U,38352,999,4387,0,-2.95e-06,0,Germany
YAOGAN-15,2012-029A,2024-05-03 12:12:04.054464+00:00,13.18321132,0.0024816,100.7533,302.7694,242.145,117.7148,0,U,38354,999,57336,0.00017388,2.1e-07,0,Russia
INTELSAT 19 (IS-19),2012-030A,2024-05-02 19:29:28.707648+00:00,1.00269261,0.0002888,0.0113,264.4852,142.7854,272.31,0,U,38356,999,4373,0,-5.9e-07,0,Russia
NUSTAR,2012-031A,2024-05-03 06:00:00.999648+00:00,14.95670478,0.0010883,6.0281,33.7501,206.0626,178.0905,0,U,38358,999,64754,0.0014752,0.00017681,0,USA
ECHOSTAR 17,2012-035A,2024-05-03 12:28:35.669856+00:00,1.0026816,0.0001656,0.0155,244.9826,155.3303,261.6413,0,U,38551,999,4335,0,-7.7e-07,0,UK
METEOSAT-10 (MSG-3),2012-035B,2024-05-02 20:25:07.032576+00:00,1.00269555,0.0002048,2.8644,60.5966,297.5225,169.4406,0,U,38552,999,4344,0,-7e-08,0,Germany
SES-5,2012-036A,2024-05-01 19:19:38.451360+00:00,1.0027168,0.0002046,0.0311,329.8065,76.7688,108.5384,0,U,38652,999,3670,0,3.3e-07,0,UK
KANOPUS-V 1,2012-039A,2024-05-03 13:29:23.542656+00:00,15.45484297,0.0003344,97.495,61.4485,119.3324,240.8259,0,U,38707,999,65431,0.00071064,0.00034077,0,USA
BKA 2,2012-039B,2024-05-03 12:06:43.187328+00:00,15.50345901,0.0003745,97.2632,24.2893,115.8005,244.3634,0,U,38708,999,65442,0.00060654,0.00034421,0,Germany
EXACTVIEW-1 (ADS-1B),2012-039C,2024-05-03 12:02:06.375552+00:00,14.24429932,0.0010051,98.9487,215.5251,241.0747,118.9424,0,U,38709,999,61239,0.00010539,1.98e-06,0,Germany
MKA-PN 1,2012-039E,2024-05-03 05:56:50.311392+00:00,14.24782052,0.0010661,98.9447,214.8142,240.4971,119.5145,0,U,38711,999,61246,0.00014056,2.81e-06,0,France
COSMOS 2481,2012-041A,2024-05-03 05:22:27.943392+00:00,12.42409892,0.0017733,82.4775,198.3571,326.8466,33.1501,0,U,38733,999,53359,-5.7344e-06,9e-08,0,France
GONETS-M 3,2012-041B,2024-05-03 13:31:09.890688+00:00,12.44860345,0.0015223,82.4772,189.9605,320.1216,39.8745,0,U,38734,999,53434,0.00013392,2.9e-07,0,Russia
GONETS-M 4,2012-041D,2024-05-03 05:18:42.897312+00:00,12.43863407,0.0023544,82.4819,194.9833,307.2166,52.6766,0,U,38736,999,53402,9.8434e-05,2.4e-07,0,Russia
INTELSAT 20 (IS-20),2012-043A,2024-05-02 15:35:30.541056+00:00,1.00278323,0.0001113,0.0212,154.9137,65.1237,303.3791,0,U,38740,999,4305,0,-2.7e-07,0,China
HYLAS 2,2012-043B,2024-05-03 03:34:08.956128+00:00,1.01166692,0.0006672,0.4206,90.3823,193.4195,48.2967,0,U,38741,999,4308,0,-1.1e-06,0,India
EXPRESS-MD2,2012-044B,2024-05-02 19:56:02.016960+00:00,11.70774347,0.1893816,49.8563,278.3049,347.2944,8.5831,0,U,38745,999,46706,0.00083472,0.00037543,4.0845e-06,USA
INTELSAT 21 (IS-21),2012-045A,2024-05-02 20:08:27.039840+00:00,1.00272824,0.000191,0.0079,80.0978,329.6761,55.5757,0,U,38749,999,4286,0,-2.87e-06,0,Italy
SPOT 6,2012-047A,2024-05-03 11:30:17.616384+00:00,14.58517452,0.0001287,98.2245,191.5872,83.3536,276.781,0,U,38755,999,62015,0.00015258,6.63e-06,0,Canada
SMDC ONE 1.1,2012-048J,2024-05-02 19:07:39.211104+00:00,15.15048835,0.0094614,64.6575,57.9055,30.5751,330.0838,0,U,38766,999,109,0.0011186,0.00023393,0,UK
AEROCUBE 4.5A,2012-048K,2024-05-03 07:40:00.511968+00:00,15.08393857,0.0106275,64.6595,98.2791,34.1659,326.6238,0,U,38767,999,25369,0.00098987,0.00017476,0,USA
AEROCUBE 4.5B,2012-048L,2024-05-03 03:35:50.382816+00:00,15.22071379,0.0086948,64.6579,27.4167,22.8264,337.6689,0,U,38768,999,25456,0.0012326,0.00031375,0,UK
METOP-B,2012-049A,2024-05-03 11:28:13.447488+00:00,14.21519328,0.0001666,98.6305,182.6957,118.1218,242.0128,0,U,38771,999,60319,0.0001138,2.06e-06,0,UK
BEIDOU-2 M6,2012-050B,2024-05-02 11:14:27.295008+00:00,1.86231011,0.001476,55.8791,88.6902,332.9801,26.9231,0,U,38775,999,7921,0,4e-07,0,Germany
ASTRA 2F,2012-051A,2024-05-02 21:23:44.759328+00:00,1.0027413,6.27e-05,0.0341,238.1952,332.6646,359.5462,0,U,38778,999,4251,0,1.48e-06,0,India
GSAT-10,2012-051B,2024-05-03 01:58:32.149056+00:00,1.00270878,0.0001404,0.0146,263.4343,61.9401,8.7925,0,U,38779,999,4252,0,-1.67e-06,0,Russia
VRSS-1,2012-052A,2024-05-03 12:48:30.212064+00:00,14.77316758,0.0017193,97.5786,134.1786,248.0591,111.8793,0,U,38782,999,62512,0.0001538,1.047e-05,0,Japan
NAVSTAR 67 (USA 239),2012-053A,2024-05-02 12:41:29.892480+00:00,2.00557811,0.0150251,53.5128,175.3347,55.3862,306.0963,0,U,38833,999,8477,0,5.2e-07,0,USA
GSAT0103 (GALILEO-FM3),2012-055A,2024-05-02 10:08:04.309440+00:00,1.70473498,0.0006048,55.3856,122.8617,277.0712,82.8813,0,U,38857,999,7178,0,8e-07,0,USA
GSAT0104 (GALILEO-FM4),2012-055B,2024-04-29 13:40:07.000608+00:00,1.64592025,0.0002147,55.3918,123.0142,289.1452,70.8465,0,U,38858,999,31,0,7.6e-07,0,USA
SJ-9A,2012-056A,2024-05-03 13:22:59.672640+00:00,14.81855803,0.0026178,97.5919,119.6406,285.4689,74.3634,0,U,38860,999,62391,0.00017826,1.367e-05,0,France
SJ-9B,2012-056B,2024-05-03 12:53:02.379840+00:00,14.85187972,0.0015179,97.5555,131.7006,264.5943,95.3541,0,U,38861,999,62449,0.00028077,2.359e-05,0,Germany
INTELSAT 23 (IS-23),2012-057A,2024-05-02 20:09:49.745376+00:00,1.00270613,6.12e-05,0.0183,241.2861,159.4839,69.9465,0,U,38867,999,4233,0,-2.87e-06,0,Russia
BEIDOU-2 G6,2012-059A,2024-05-03 01:58:47.186976+00:00,1.00270844,0.001078,2.4451,80.7742,310.9786,303.5003,0,U,38953,999,4227,0,-1.76e-06,0,UK
LUCH-5B,2012-061A,2024-05-02 15:11:04.384896+00:00,1.00271827,0.0002161,8.7902,57.0952,69.1625,306.2063,0,U,38977,999,4240,0,-1.34e-06,0,France
YAMAL 300K,2012-061B,2024-05-02 15:19:00.244992+00:00,1.00271139,6.1e-05,0.0148,258.4734,279.7891,95.4667,0,U,38978,999,4185,0,6.9e-07,0,Italy
STAR ONE C3,2012-062A,2024-05-03 10:38:51.883584+00:00,1.00272763,0.0001813,0.001,327.5296,96.4218,242.6171,0,U,38991,999,4208,0,-2.52e-06,0,UK
EUTELSAT 21B,2012-062B,2024-05-02 21:15:49.657824+00:00,1.00269683,0.0002763,0.071,356.8676,42.1392,162.8419,0,U,38992,999,4209,0,1.28e-06,0,France
ECHOSTAR 16,2012-065A,2024-05-03 09:52:25.378176+00:00,1.00266936,0.0001295,0.0137,243.1622,158.1169,267.124,0,U,39008,999,4203,0,-2.84e-06,0,Canada
YAOGAN-16 01A,2012-066A,2024-05-03 09:59:08.977632+00:00,13.45324496,0.0371526,63.3584,129.3343,21.0946,340.4956,0,U,39011,999,56191,0.00012164,1.8e-07,0,China
YAOGAN-16 01B,2012-066B,2024-05-03 04:42:29.066400+00:00,13.45326665,0.0371528,63.359,130.0815,20.8627,340.7117,0,U,39012,999,56189,0.00010815,6e-08,0,France
YAOGAN-16 01C,2012-066C,2024-05-02 14:20:04.818336+00:00,13.45323901,0.0371588,63.3598,131.0443,20.4769,341.0715,0,U,39013,999,56178,0.00010727,5e-08,0,France
CHINASAT 12 (ZX 12),2012-067A,2024-05-03 12:18:12.832992+00:00,1.00272444,0.0003239,0.0115,232.5221,171.1903,90.228,0,U,39017,999,4194,0,-2.09e-06,0,Canada
PLEIADES 1B,2012-068A,2024-05-03 11:58:38.028864+00:00,14.58532175,0.0001426,98.1968,199.6095,93.3883,266.7479,0,U,39019,999,60792,0.00013232,5.69e-06,0,Italy
EUTELSAT 70B,2012-069A,2024-05-02 13:36:10.941120+00:00,1.0027225,0.0004304,0.0669,356.7863,35.4706,103.2348,0,U,39020,999,4173,0,-4.5e-07,0,USA
YAMAL 402,2012-070A,2024-05-02 21:55:25.340736+00:00,1.00271983,0.0003897,0.03,111.8867,290.2398,202.9329,0,U,39022,999,4182,0,8.4e-07,0,Canada
GOKTURK 2,2012-073A,2024-05-03 13:26:10.747104+00:00,14.73821293,0.0001319,97.7589,347.4073,64.1189,296.0156,0,U,39030,999,61036,0.00011838,7.28e-06,0,Russia
SKYNET 5D,2012-075A,2024-05-02 21:52:14.425248+00:00,1.00271858,0.0003588,0.0712,344.9892,61.9715,195.1549,0,U,39034,999,4174,0,9.7e-07,0,Japan
MEXSAT 3,2012-075B,2024-05-03 12:17:41.523360+00:00,1.00271969,0.0001994,0.0043,68.9545,324.091,258.4743,0,U,39035,999,4170,0,-2.8e-07,0,Italy
COSMOS 2482,2013-001A,2024-05-03 03:37:43.345632+00:00,12.42956485,0.0026839,82.4999,342.5414,276.4187,83.3836,0,U,39057,999,51249,0.00031684,5.4e-07,0,Russia
COSMOS 2483,2013-001B,2024-05-02 19:48:01.251936+00:00,12.43993236,0.0015867,82.5005,338.1502,268.4623,91.464,0,U,39058,999,51287,0.00011068,2.5e-07,0,Italy
COSMOS 2484,2013-001C,2024-05-02 13:51:25.727904+00:00,12.42896725,0.0025694,82.5037,344.1594,286.9373,72.889,0,U,39059,999,51220,0.00014943,3e-07,0,France
TDRS 11,2013-004A,2024-05-02 19:35:07.050912+00:00,1.00271483,0.0006123,2.7291,10.0598,39.8864,290.6018,0,U,39070,999,4121,0,7.7e-07,0,Russia
GLOBALSTAR M097,2013-005A,2024-05-03 04:31:30.917856+00:00,12.62262555,7.08e-05,52.0044,82.5094,68.6853,291.4089,0,U,39072,999,51911,-6.2343e-06,-1.05e-06,0,Japan
GLOBALSTAR M093,2013-005B,2024-05-02 20:17:02.751936+00:00,12.62263687,8.31e-05,51.9811,77.5129,66.1004,293.9949,0,U,39073,999,51906,6.2802e-05,-9.3e-07,0,USA
GLOBALSTAR M094,2013-005C,2024-05-03 00:05:09.167712+00:00,12.62265209,0.0001055,51.9976,351.0056,86.3165,273.7822,0,U,39074,999,52059,0.00015966,-7.5e-07,0,Germany
GLOBALSTAR M096,2013-005D,2024-05-03 11:48:10.783008+00:00,12.62264924,0.0001033,52.0094,37.7111,71.015,289.0829,0,U,39075,999,51990,7.1152e-05,-9.1e-07,0,Germany
GLOBALSTAR M078,2013-005E,2024-05-03 09:16:56.717184+00:00,12.62268481,0.0001091,51.9845,123.1022,9.1726,350.9161,0,U,39076,999,51837,8.3887e-05,-8.9e-07,0,Japan
GLOBALSTAR M095,2013-005F,2024-05-02 09:11:27.861504+00:00,12.62265878,8.69e-05,51.9775,123.5543,37.9114,322.1813,0,U,39077,999,51789,6.4688e-05,-9.2e-07,0,India
AMAZONAS 3,2013-006A,2024-05-02 23:34:18.065856+00:00,1.00272371,0.0001912,0.0218,222.6514,207.6896,83.6376,0,U,39078,999,4119,0,-2.85e-06,0,India
AZERSPACE 1,2013-006B,2024-05-02 21:44:19.214016+00:00,1.00274154,0.0001891,0.0021,31.0588,44.7563,157.5756,0,U,39079,999,4115,0,1.31e-06,0,USA
LANDSAT 8,2013-008A,2024-05-03 12:01:45.123744+00:00,14.57116842,0.0001232,98.1854,194.784,93.311,266.8229,0,U,39084,999,59690,8.8249e-05,3.53e-06,0,Russia
SARAL,2013-009A,2024-05-03 03:58:03.369792+00:00,14.32397442,0.0002983,98.5516,309.9052,70.9125,289.2381,0,U,39086,999,58463,8.9553e-05,1.99e-06,0,Russia
SAPPHIRE,2013-009C,2024-05-03 12:10:49.539648+00:00,14.34669293,0.001207,98.4118,312.475,40.7022,319.5063,0,U,39088,999,58549,9.8151e-05,2.35e-06,0,Russia
NEOSSAT,2013-009D,2024-05-03 11:50:50.235072+00:00,14.35134515,0.001192,98.4057,313.0343,40.6011,319.6061,0,U,39089,999,58560,0.00012408,3.12e-06,0,USA
STRAND-1,2013-009E,2024-05-02 12:00:20.028384+00:00,14.36011938,0.000952,98.3827,313.0458,35.9643,324.2182,0,U,39090,999,58568,0.00018751,5.03e-06,0,Japan
BRITE-AUSTRIA,2013-009F,2024-05-03 12:19:10.655328+00:00,14.35766067,0.0011058,98.3866,313.2986,38.7489,321.4488,0,U,39091,999,58586,0.00012925,3.31e-06,0,India
SBIRS GEO-2 (USA 241),2013-011A,2024-05-02 11:38:52.296864+00:00,1.00271381,0.0002053,2.8993,46.3632,347.2897,323.9454,0,U,39120,999,4075,0,-2.57e-06,0,China
EUTELSAT 117 WEST A,2013-012A,2024-05-03 02:44:24.010656+00:00,1.002716,0.0002858,0.0394,69.5883,336.8814,99.3317,0,U,39122,999,4069,0,-1.5e-07,0,USA
ANIK G1,2013-014A,2024-05-03 12:26:56.939712+00:00,1.0027063,0.0001503,0.0012,200.9038,175.0345,285.3943,0,U,39127,999,4048,0,-7.6e-07,0,Russia
GAOFEN-1,2013-018A,2024-05-03 12:54:03.257280+00:00,14.76469942,0.0018563,97.9905,197.3731,237.9269,122.0139,0,U,39150,999,59397,0.00015692,1.043e-05,0,USA
NEE-01 PEGASO,2013-018B,2024-05-03 06:54:32.992704+00:00,14.85343466,0.0015295,98.0297,240.9872,181.9671,178.1486,0,U,39151,999,59531,0.00045594,3.874e-05,0,India
